278,209,152,302,59
256,235,152,286,71
273,216,155,294,62
260,220,156,302,62
265,212,159,302,62
255,224,148,310,63
271,220,152,291,66
265,216,158,301,60
271,224,153,286,66
124,321,98,274,183
235,259,139,287,80
277,222,151,289,61
258,234,149,290,69
263,216,155,302,64
262,219,153,302,64
258,228,155,294,65
246,245,151,286,72
253,225,154,302,66
286,181,151,332,50
265,219,156,299,61
271,230,145,288,66
189,216,133,323,139
176,363,104,234,123
263,228,149,294,66
262,216,159,301,62
269,209,159,301,62
271,227,152,286,64
260,228,149,295,68
258,220,144,312,66
261,216,157,306,60
243,232,155,302,68
261,216,157,304,62
258,228,156,292,66
254,224,153,301,68
95,373,82,245,205
240,235,155,301,69
234,236,160,302,68
237,224,147,326,66
238,243,155,294,70
262,201,163,316,58
243,232,155,302,68
242,232,156,302,68
244,232,156,302,66
228,228,147,331,66
248,230,155,301,66
238,234,156,300,72
88,376,79,251,206
222,263,142,289,84
254,228,150,302,66
243,255,166,286,50
247,220,147,320,66
236,232,150,316,66
252,228,158,294,68
255,228,151,300,66
248,227,157,302,66
253,225,157,296,69
247,232,153,300,68
242,232,154,306,66
224,204,151,313,108
120,378,85,265,152
253,228,155,298,66
251,217,159,309,64
260,231,153,292,64
252,234,150,295,69
256,220,157,301,66
271,214,155,300,60
262,232,151,289,66
258,224,151,301,66
262,224,143,304,67
254,216,159,309,62
260,216,159,304,61
101,358,83,252,206
232,261,141,288,78
233,269,144,286,68
246,221,160,309,64
236,232,156,310,66
266,213,156,301,64
268,228,152,286,66
257,224,143,310,66
254,230,140,306,70
208,207,150,293,142
46,349,47,302,256
244,258,112,308,78
261,230,139,302,68
246,230,151,305,68
237,232,147,318,66
286,188,162,312,52
263,231,144,296,66
273,229,142,290,66
260,227,151,296,66
264,230,144,296,66
258,228,151,295,68
269,224,152,291,64
135,295,92,301,177
216,303,134,255,92
252,200,157,334,57
271,228,149,286,66
282,200,151,311,56
253,232,154,295,66
275,246,171,230,78
273,240,198,208,81
288,225,221,198,68
240,248,202,228,82
187,290,128,136,259
2,361,1,1,636
4,358,1,1,637
1,350,2,1,648
4,355,1,2,639
1,355,1,2,642
1,354,8,4,634
14,354,1,2,630
2,352,2,2,642
4,353,1,2,641
1,364,5,2,629
2,484,2,4,508
2,998,1,1,1
1,990,8,2,1
14,986,1,1,1
1,998,2,1,1
2,998,1,1,1
18,813,21,52,96
30,387,40,265,278
154,393,94,177,182
262,294,198,176,70
6,992,2,1,1
1,1000,1,1,1
1,998,1,1,2
28,710,26,49,187
2,516,1,2,480
165,397,107,80,251
300,208,210,214,68
251,282,190,184,93
272,265,196,180,87
304,209,207,212,68
305,216,218,193,68
276,272,184,182,86
280,240,200,202,78
319,210,203,200,68
320,210,215,189,66
302,230,193,204,71
264,273,192,180,91
298,250,196,172,84
297,240,197,186,80
300,212,210,210,68
304,212,213,205,66
254,309,175,156,106
236,162,207,271,124
160,432,109,139,160
179,428,141,159,93
359,142,234,235,30
296,303,198,147,56
250,355,142,192,61
365,114,254,244,23
239,376,181,140,64
313,181,229,240,37
246,299,196,208,51
345,218,233,166,38
338,167,219,240,36
270,305,178,191,56
290,278,227,155,50
364,134,249,227,26
234,330,173,205,58
248,384,171,129,68
366,96,260,254,24
234,338,183,191,54
280,270,225,174,51
306,196,234,225,39
246,330,164,206,54
354,126,264,226,30
262,354,184,142,58
194,365,168,209,64
378,132,266,194,30
226,365,180,171,58
282,240,208,225,45
261,368,174,126,71
215,315,198,216,56
314,139,260,257,30
228,388,186,130,68
278,285,174,215,48
316,179,246,223,36
246,376,174,140,64
352,104,263,257,24
332,142,270,226,30
134,360,128,194,184
92,425,86,254,143
104,616,74,108,98
200,455,144,122,79
222,346,171,203,58
334,142,263,231,30
270,346,184,142,58
240,309,184,214,53
324,154,252,234,36
240,361,194,142,63
332,204,202,224,38
290,260,196,208,46
314,250,224,168,44
364,142,234,226,34
372,104,250,254,20
236,360,160,180,64
358,194,218,191,39
256,294,206,195,49
252,368,175,141,64
286,181,188,198,147
225,337,172,211,55
297,267,225,168,43
172,452,192,160,24
228,366,259,106,41
98,552,156,141,53
300,258,236,178,28
184,374,206,186,50
294,261,194,202,49
325,129,264,257,25
286,308,178,172,56
252,308,180,204,56
358,120,254,240,28
271,308,197,172,52
318,180,222,244,36
300,246,187,220,47
356,158,224,229,33
258,324,194,168,56
304,172,235,257,32
374,112,258,229,27
101,308,112,273,206
90,589,68,132,121
188,480,122,135,75
264,297,164,219,56
270,290,226,164,50
250,311,175,208,56
326,195,213,228,38
293,217,228,224,38
315,240,222,175,48
248,315,170,213,54
351,105,264,256,24
233,316,180,215,56
262,316,204,162,56
356,112,262,242,28
259,300,168,221,52
286,316,188,154,56
354,104,254,260,28
242,308,178,216,56
294,240,206,216,44
366,187,222,188,37
282,243,220,208,47
240,308,174,225,53
342,153,232,244,29
300,283,218,144,55
240,300,172,236,52
318,198,210,236,38
314,230,206,208,42
274,312,190,172,52
272,275,176,224,53
333,145,254,237,31
313,278,176,183,50
272,273,200,205,50
330,115,246,284,25
254,310,189,192,55
290,316,186,152,56
322,140,242,266,30
71,356,80,255,238
89,631,70,103,107
198,462,126,141,73
194,334,175,236,61
334,127,263,248,28
297,309,182,156,56
259,300,176,213,52
386,112,238,236,28
272,278,180,224,46
294,308,186,156,56
324,137,240,269,30
287,283,188,192,50
279,316,190,159,56
308,212,203,239,38
302,204,224,228,42
250,312,174,212,52
268,307,198,172,55
334,122,258,257,29
210,307,190,237,56
255,316,180,193,56
401,120,248,207,24
248,310,175,214,53
268,308,172,196,56
372,104,249,251,24
276,308,196,164,56
277,278,184,211,50
337,137,230,269,27
292,291,198,166,53
240,312,178,214,56
316,199,212,237,36
301,229,216,210,44
272,300,204,172,52
315,197,214,236,38
304,231,215,208,42
278,301,193,172,56
250,277,189,234,50
104,263,105,300,228
114,606,76,104,100
262,277,169,242,50
270,352,190,168,20
194,251,166,277,112
182,552,116,134,16
268,240,190,224,78
309,161,243,243,44
266,259,188,204,83
274,218,212,229,67
320,192,223,207,58
251,280,193,184,92
337,151,233,239,40
281,228,214,204,73
288,201,217,233,61
336,191,215,200,58
285,217,198,232,68
323,196,219,202,60
284,231,189,224,72
304,209,219,202,66
334,160,232,230,44
259,252,197,204,88
100,390,92,206,212
280,252,192,194,82
295,197,210,236,62
263,261,202,190,84
340,178,207,221,54
297,222,207,204,70
309,195,196,242,58
279,245,194,203,79
290,215,206,222,67
321,196,209,214,60
300,194,218,230,58
318,193,217,214,58
245,276,174,213,92
318,196,213,213,60
288,218,192,235,67
340,166,217,226,51
281,212,210,231,66
81,420,80,181,238
230,334,141,180,115
300,223,208,204,65
284,195,218,244,59
287,235,199,203,76
307,192,221,222,58
257,276,186,194,87
274,223,179,254,70
199,233,24,488,56
182,240,1,522,56
172,235,1,539,54
156,211,15,502,116
146,271,5,498,80
178,242,1,524,56
178,234,1,532,56
190,234,1,522,54
176,236,1,534,54
198,236,1,512,54
142,212,20,498,128
162,256,1,518,64
176,239,1,529,56
176,239,1,529,56
186,245,1,515,54
176,235,1,533,56
183,233,1,532,52
131,241,20,472,136
184,245,1,516,55
180,236,1,529,55
182,236,1,528,54
166,237,1,543,54
188,231,1,527,54
194,244,1,506,56
140,209,20,491,140
174,234,1,540,52
178,238,1,528,56
267,212,142,319,60
279,252,208,176,85
276,224,211,217,72
297,216,229,190,68
298,224,221,185,72
238,292,202,168,100
265,237,205,217,76
289,236,213,179,83
316,172,239,221,52
280,252,202,183,83
294,217,232,188,69
265,208,190,207,130
108,478,69,158,187
214,353,155,159,119
297,212,233,190,68
331,172,230,215,52
302,229,207,188,74
275,257,210,176,82
344,156,228,228,44
320,213,223,176,68
307,232,200,184,77
265,268,197,179,91
315,212,204,203,66
296,217,235,184,68
299,212,205,216,68
293,245,194,184,84
291,255,200,167,87
272,273,194,171,90
321,209,214,188,68
317,196,224,203,60
297,237,206,183,77
267,271,204,167,91
53,455,64,187,241
239,337,156,155,113
250,276,197,182,95
318,217,215,183,67
316,212,228,176,68
307,210,203,214,66
292,228,227,179,74
279,256,199,182,84
300,208,217,209,66
380,128,258,198,36
274,256,192,193,85
322,187,227,208,56
312,209,228,185,66
298,185,240,221,56
259,301,170,167,103
256,280,191,175,98
297,224,216,191,72
297,201,231,207,64
314,212,222,184,68
271,264,194,183,88
61,459,67,169,244
189,412,129,126,144
292,210,216,216,66
279,273,193,166,89
284,237,217,184,78
298,212,214,208,68
309,216,223,184,68
300,227,196,202,75
253,255,207,202,83
318,193,238,192,59
323,195,231,189,62
287,234,188,212,79
289,266,192,164,89
305,208,233,191,63
289,212,209,222,68
288,245,197,184,86
279,256,206,176,83
278,224,218,206,74
304,216,213,199,68
304,220,214,192,70
99,393,80,208,220
211,336,166,174,113
373,120,249,227,31
291,218,220,202,69
284,264,197,168,87
306,184,232,222,56
318,216,210,188,68
290,246,197,184,83
286,206,229,214,65
303,224,213,190,70
313,219,218,179,71
258,269,170,214,89
306,220,215,189,70
298,220,229,183,70
283,260,186,178,93
305,212,217,200,66
280,283,179,164,94
300,186,248,208,58
313,211,206,204,66
153,307,129,215,196
145,486,90,103,176
299,232,209,186,74
313,204,210,206,67
259,271,196,183,91
296,220,230,184,70
305,212,210,205,68
299,212,231,192,66
285,250,200,184,81
237,291,190,183,99
310,208,215,199,68
310,217,225,180,68
314,183,214,233,56
255,294,182,169,100
326,214,216,176,68
271,266,191,177,95
288,226,205,209,72
307,196,235,202,60
270,284,192,158,96
284,228,225,189,74
199,242,151,251,157
125,499,89,106,181
244,300,183,167,106
333,172,248,197,50
305,216,211,200,68
251,284,190,177,98
269,237,225,190,79
317,210,207,200,66
313,198,236,191,62
300,228,217,181,74
238,298,193,171,100
299,208,212,215,66
327,212,216,176,69
305,212,231,184,68
301,209,216,208,66
271,263,195,183,88
232,313,176,165,114
319,226,206,177,72
321,206,207,200,66
288,216,236,192,68
336,208,214,176,66
84,407,74,207,228
188,383,139,158,132
274,255,209,179,83
298,220,219,192,71
314,215,205,193,73
325,196,219,198,62
299,236,198,190,77
238,281,199,189,93
304,204,221,209,62
262,261,213,177,87
299,228,218,181,74
268,254,193,200,85
350,142,259,210,39
290,216,216,211,67
297,246,197,180,80
287,231,221,181,80
315,228,214,169,74
278,208,224,224,66
255,366,129,154,96
224,234,143,251,148
160,438,111,134,157
289,252,213,163,83
284,204,226,223,63
316,208,217,193,66
330,209,220,173,68
309,216,229,178,68
289,224,221,192,74
255,310,179,152,104
341,140,252,227,40
307,208,235,184,66
297,208,220,210,65
233,309,179,173,106
299,220,226,184,71
307,216,233,176,68
294,208,212,220,66
332,207,217,176,68
249,291,186,175,99
298,233,222,172,75
293,187,242,222,56
320,208,221,183,68
109,385,86,193,227
148,469,102,114,167
306,208,215,205,66
313,212,219,188,68
266,288,184,164,98
320,204,225,187,64
299,216,215,202,68
288,212,240,192,68
300,239,199,186,76
279,240,202,200,79
326,204,226,178,66
318,176,257,197,52
322,196,217,203,62
263,271,194,180,92
290,253,205,168,84
338,176,245,189,52
278,212,226,216,68
317,213,223,181,66
266,278,187,175,94
261,229,226,210,74
197,243,168,230,162
123,512,86,95,184
297,193,227,223,60
344,212,210,168,66
275,255,198,184,88
278,270,194,168,90
318,199,214,207,62
323,208,219,184,66
327,216,219,170,68
314,221,195,196,74
266,295,185,154,100
307,192,224,217,60
351,172,235,192,50
317,205,210,202,66
307,228,207,184,74
245,299,185,168,103
304,226,215,184,71
308,208,209,208,67
316,220,216,176,72
275,239,211,200,75
243,201,183,238,135
112,502,74,121,191
250,311,174,162,103
324,208,218,184,66
285,216,223,208,68
323,196,216,200,65
235,304,199,164,98
327,181,226,212,54
311,216,222,181,70
322,204,219,189,66
270,253,211,182,84
294,215,213,210,68
373,133,261,197,36
309,191,209,231,60
246,301,193,158,102
310,208,232,184,66
312,212,210,198,68
308,209,221,194,68
317,212,215,183,73
262,272,202,172,92
210,221,174,253,142
94,516,69,113,208
219,334,169,164,114
327,197,229,187,60
290,211,221,210,68
315,212,223,182,68
271,260,200,181,88
300,232,218,176,74
307,208,209,210,66
320,212,226,174,68
287,214,237,196,66
261,272,173,201,93
294,242,212,173,79
310,216,223,181,70
322,196,223,197,62
316,208,216,194,66
267,268,196,179,90
317,208,224,185,66
299,212,222,200,67
299,212,229,192,68
329,211,208,183,69
81,420,72,190,237
187,422,128,113,150
289,204,227,216,64
284,250,200,182,84
295,259,194,168,84
299,214,213,206,68
294,216,235,187,68
313,209,221,191,66
275,293,172,160,100
296,207,217,214,66
330,200,231,177,62
295,224,222,190,69
329,232,184,193,62
317,212,215,188,68
303,216,213,202,66
312,208,220,192,68
280,256,201,179,84
311,212,225,186,66
297,205,221,213,64
332,200,225,183,60
82,417,71,198,232
159,461,104,110,166
288,215,221,210,66
293,237,195,198,77
243,305,185,164,103
316,199,226,197,62
357,144,248,211,40
297,224,216,189,74
279,291,167,165,98
289,233,202,204,72
314,218,217,181,70
308,211,230,185,66
280,229,215,204,72
249,278,208,183,82
322,188,239,194,57
286,215,218,211,70
259,277,213,167,84
259,270,195,183,93
282,260,205,168,85
301,208,214,209,68
202,244,161,235,158
160,454,102,121,163
265,274,199,172,90
297,207,216,214,66
306,225,221,176,72
246,296,187,171,100
323,208,225,178,66
309,212,211,200,68
305,208,227,192,68
298,228,214,186,74
268,280,191,166,95
306,220,203,199,72
302,202,243,191,62
298,214,228,192,68
293,215,210,213,69
295,241,206,181,77
333,207,218,176,66
291,213,222,208,66
304,217,223,185,71
269,284,179,171,97
268,170,212,226,124
112,482,73,152,181
203,357,156,160,124
264,268,213,168,87
288,216,238,190,68
324,196,219,199,62
299,196,238,205,62
254,322,162,150,112
296,210,215,213,66
314,228,211,175,72
288,216,236,192,68
316,208,199,202,75
294,249,198,177,82
306,192,246,198,58
295,213,223,203,66
302,211,222,197,68
250,298,181,168,103
318,207,220,190,65
306,204,226,200,64
299,216,225,190,70
305,216,227,184,68
50,451,58,186,255
157,441,124,120,158
293,216,220,205,66
285,238,217,182,78
311,198,237,190,64
319,208,207,200,66
315,210,225,184,66
324,201,220,192,63
267,277,197,164,95
288,208,222,216,66
294,217,237,184,68
313,216,227,176,68
243,260,195,216,86
272,269,201,168,90
323,212,221,176,68
313,200,239,186,62
227,288,145,189,151
276,249,164,186,125
310,209,213,202,66
200,252,149,232,167
111,514,91,99,185
242,304,181,167,106
302,208,227,197,66
314,212,218,187,69
290,228,214,194,74
245,308,185,158,104
295,209,214,216,66
335,172,247,194,52
325,216,219,172,68
277,252,203,183,85
280,235,213,197,75
313,212,217,192,66
320,212,224,176,68
313,192,219,215,61
258,266,202,184,90
282,266,194,168,90
300,216,224,192,68
306,208,219,200,67
297,216,229,190,68
259,299,182,161,99
85,426,64,188,237
198,378,140,152,132
309,212,219,192,68
245,297,193,164,101
310,228,220,171,71
324,160,247,223,46
311,191,237,202,59
231,301,196,169,103
274,229,215,208,74
315,208,227,184,66
314,215,220,181,70
315,196,219,210,60
235,292,191,182,100
317,216,223,176,68
295,200,228,215,62
319,196,232,191,62
295,232,213,184,76
262,300,180,156,102
321,205,212,194,68
328,184,232,200,56
128,348,122,203,199
135,493,96,101,175
334,144,247,235,40
248,285,192,176,99
288,244,216,174,78
308,212,214,200,66
289,211,240,192,68
312,213,221,186,68
225,317,183,166,109
263,225,222,217,73
336,184,233,191,56
305,216,229,182,68
311,208,203,210,68
230,324,168,166,112
309,196,242,191,62
317,184,231,214,54
300,216,230,184,70
262,281,187,175,95
302,239,206,176,77
319,204,207,204,66
186,251,159,238,166
128,475,103,121,173
240,310,186,160,104
330,132,267,235,36
236,295,194,174,101
293,243,213,172,79
321,192,217,210,60
317,212,225,178,68
299,212,231,192,66
248,316,166,160,110
290,181,244,229,56
352,148,257,203,40
302,212,205,211,70
286,258,203,169,84
304,214,225,189,68
298,213,216,205,68
321,208,224,182,65
295,248,195,179,83
262,284,195,163,96
336,145,244,235,40
179,294,135,211,181
133,484,100,108,175
282,252,203,179,84
310,208,216,200,66
308,212,224,188,68
277,288,174,163,98
296,244,203,177,80
291,204,221,216,68
331,191,233,195,50
265,268,181,194,92
256,316,176,198,54
322,205,212,204,57
270,232,199,225,74
328,188,220,207,57
267,230,196,233,74
320,200,216,206,58
304,196,210,230,60
265,263,193,195,84
302,196,216,226,60
134,327,115,228,196
203,363,144,166,124
264,260,187,203,86
330,172,224,228,46
302,230,198,196,74
292,238,204,190,76
293,188,223,238,58
283,236,204,201,76
326,168,223,236,47
305,216,204,207,68
304,180,232,230,54
312,188,212,230,58
324,184,225,213,54
273,231,188,235,73
269,235,219,204,73
326,164,231,231,48
269,256,192,199,84
245,185,178,260,132
118,481,94,131,176
284,244,198,194,80
264,248,188,220,80
307,192,231,212,58
300,196,214,230,60
267,276,181,188,88
296,196,220,230,58
327,195,215,204,59
268,261,177,206,88
322,192,220,206,60
272,225,196,236,71
270,247,214,190,79
299,196,208,237,60
279,248,197,196,80
301,193,214,234,58
300,210,216,207,67
279,258,197,183,83
215,238,156,243,148
108,504,82,120,186
259,277,184,188,92
304,189,212,237,58
240,284,197,189,90
301,196,221,222,60
306,222,197,203,72
271,230,204,222,73
327,194,217,204,58
286,204,213,233,64
304,200,232,204,60
299,205,200,230,66
283,251,197,189,80
284,200,225,231,60
283,252,186,195,84
328,200,221,190,61
308,166,224,253,49
322,159,237,237,45
143,340,118,206,193
133,477,97,120,173
288,192,225,237,58
264,272,186,188,90
323,192,214,213,58
302,196,221,223,58
282,232,198,212,76
358,136,244,226,36
231,276,184,217,92
317,196,215,214,58
293,200,207,236,64
283,264,191,176,86
295,192,225,230,58
261,250,197,210,82
305,224,209,190,72
304,178,229,239,50
286,232,205,201,76
373,108,247,246,26
270,276,177,183,94
341,172,216,219,52
302,196,231,213,58
271,260,172,211,86
372,120,239,241,28
279,242,195,204,80
297,229,214,190,70
313,189,210,230,58
227,220,145,262,146
148,450,111,127,164
302,188,222,230,58
252,277,191,188,92
317,191,213,223,56
312,188,226,216,58
287,264,185,178,86
310,184,221,227,58
306,204,220,208,62
324,176,219,229,52
328,196,218,198,60
274,252,173,211,90
322,188,228,206,56
327,168,220,234,51
269,268,188,188,87
292,196,230,224,58
275,236,210,203,76
276,219,213,222,70
199,253,150,237,161
160,446,104,131,159
317,188,207,230,58
330,192,219,201,58
295,196,221,230,58
263,268,189,190,90
312,188,214,228,58
326,196,222,196,60
270,272,186,182,90
303,188,221,230,58
345,188,213,198,56
265,264,170,212,89
298,204,223,214,61
304,192,217,226,61
277,244,203,198,78
306,197,217,222,58
285,236,199,204,76
192,406,141,125,136
303,257,195,184,61
105,396,77,192,230
195,393,137,138,137
315,200,221,203,61
333,208,219,173,67
274,216,224,214,72
313,222,209,190,66
287,249,206,178,80
291,189,224,238,58
318,216,223,176,67
328,193,215,203,61
281,270,177,181,91
324,197,234,186,59
314,212,214,192,68
306,196,221,215,62
272,280,187,167,94
296,237,213,176,78
313,208,229,184,66
308,217,204,204,67
257,295,183,160,105
298,245,203,178,76
130,352,98,214,206
212,378,142,134,134
309,208,217,200,66
255,289,182,175,99
328,192,230,192,58
270,216,226,220,68
277,242,217,186,78
257,286,187,169,101
337,149,252,220,42
287,216,236,191,70
260,280,185,181,94
331,164,227,221,57
327,220,217,168,68
323,215,214,184,64
307,204,215,208,66
275,284,183,163,95
258,252,218,189,83
320,213,223,176,68
267,257,190,196,90
295,244,211,170,80
125,330,126,219,200
144,483,96,102,175
287,221,231,192,69
258,260,157,241,84
285,209,173,274,59
246,259,166,246,83
259,268,163,226,84
298,192,185,269,56
273,224,172,263,68
239,273,153,250,85
263,214,177,281,65
284,250,174,215,77
253,254,154,257,82
289,196,180,280,55
241,289,156,217,97
211,307,146,236,100
107,341,95,249,208
248,293,158,209,92
276,232,163,256,73
274,214,176,273,63
259,250,168,246,77
261,257,163,237,82
266,228,170,265,71
271,221,178,265,65
245,265,157,249,84
270,253,173,226,78
282,215,179,262,62
259,258,152,247,84
280,203,182,276,59
229,302,164,208,97
218,280,156,252,94
84,411,85,206,214
238,314,170,173,105
263,280,195,167,95
322,217,201,192,68
287,213,219,215,66
306,246,225,173,50
247,276,207,180,90
310,224,215,179,72
298,204,218,214,66
377,144,252,187,40
267,275,188,183,87
280,247,192,200,81
317,225,217,169,72
368,144,253,195,40
295,211,212,216,66
263,268,199,180,90
312,228,211,177,72
326,172,235,215,52
258,280,191,173,98
283,236,218,191,72
114,376,80,197,233
368,300,125,139,68
366,194,203,214,23
288,220,228,194,70
280,279,182,165,94
271,278,193,163,95
320,212,212,191,65
372,132,245,217,34
274,249,196,195,86
192,271,55,405,77
190,232,1,524,54
229,228,96,304,143
258,224,223,223,72
312,215,223,182,68
265,268,203,174,90
305,221,206,190,78
89,405,95,191,220
244,305,172,175,104
310,212,234,176,68
248,253,181,200,118
275,256,210,175,84
288,228,213,196,75
252,281,204,170,93
313,204,212,205,66
308,216,229,179,68
314,224,211,179,72
312,221,206,189,72
223,244,157,188,188
234,320,182,153,111
303,213,230,188,66
312,216,224,180,68
289,204,223,216,68
302,246,192,182,78
284,264,193,168,91
317,210,223,184,66
295,209,189,206,101
190,290,129,202,189
157,440,118,127,158
259,297,183,160,101
281,224,214,209,72
304,212,226,190,68
314,220,214,179,73
295,216,219,202,68
297,224,220,187,72
315,215,196,174,100
295,238,205,181,81
255,276,193,185,91
292,212,221,207,68
265,269,199,173,94
321,220,221,172,66
321,171,230,229,49
283,265,193,168,91
332,212,214,176,66
161,181,138,289,231
127,431,89,138,215
258,296,184,165,97
294,218,212,208,68
275,233,223,191,78
286,247,210,177,80
276,212,222,224,66
322,208,213,189,68
256,280,185,183,96
238,304,166,175,117
305,200,226,207,62
292,238,215,183,72
326,222,213,171,68
308,231,184,205,72
254,278,206,168,94
311,212,216,192,69
290,233,189,205,83
328,193,230,187,62
280,252,203,183,82
272,276,192,168,92
201,212,181,253,153
97,522,71,111,199
222,337,166,160,115
316,212,217,189,66
305,216,206,203,70
310,199,227,201,63
299,254,189,174,84
328,208,214,184,66
294,212,225,203,66
267,268,202,173,90
262,233,207,206,92
289,294,173,144,100
279,221,211,220,69
318,216,220,176,70
291,224,225,187,73
297,200,221,220,62
267,257,212,180,84
328,216,217,172,67
291,224,207,206,72
328,212,215,179,66
307,226,205,188,74
87,399,80,196,238
183,411,129,133,144
308,215,212,195,70
281,264,193,174,88
299,218,219,184,80
294,202,225,217,62
309,215,224,184,68
246,292,180,182,100
296,228,203,201,72
284,256,202,172,86
282,224,228,193,73
297,216,225,194,68
269,249,170,193,119
267,280,198,162,93
335,205,212,182,66
312,216,225,179,68
307,220,203,200,70
322,185,230,203,60
272,275,194,168,91
300,176,239,221,64
187,258,139,227,189
147,485,92,101,175
326,158,245,224,47
289,260,188,175,88
271,272,197,172,88
330,192,227,188,63
302,212,218,200,68
317,200,196,189,98
259,274,194,182,91
274,271,192,172,91
298,212,222,200,68
303,219,219,189,70
340,151,230,237,42
254,294,184,168,100
289,216,233,192,70
312,192,213,215,68
288,240,215,185,72
302,228,208,188,74
303,208,222,199,68
292,216,226,197,69
144,326,113,210,207
132,498,83,109,178
269,256,206,185,84
305,205,206,219,65
279,264,202,168,87
332,184,229,199,56
281,216,220,215,68
299,228,212,186,75
301,237,212,175,75
259,240,210,213,78
292,190,244,205,69
285,247,183,205,80
272,272,198,166,92
317,214,219,184,66
309,224,208,185,74
310,212,204,208,66
289,248,197,182,84
289,243,202,190,76
313,207,214,200,66
348,178,230,190,54
120,350,103,204,223
166,444,112,120,158
296,215,213,208,68
288,261,190,173,88
314,220,207,191,68
310,208,208,208,66
299,221,218,192,70
257,258,202,196,87
289,222,218,200,71
247,292,190,173,98
296,238,189,195,82
271,269,197,172,91
285,225,200,214,76
232,292,195,182,99
313,212,231,178,66
305,212,209,208,66
297,224,220,185,74
278,232,203,185,102
279,212,224,216,69
291,216,233,192,68
120,327,112,216,225
172,447,110,113,158
293,220,207,208,72
282,217,227,204,70
258,301,187,154,100
325,168,234,221,52
322,217,209,184,68
304,214,224,192,66
251,310,172,166,101
276,226,207,217,74
319,200,227,192,62
279,268,193,170,90
293,220,212,203,72
274,257,200,182,87
317,223,215,174,71
332,175,220,223,50
278,242,197,208,75
261,307,164,165,103
288,218,229,189,76
302,228,225,177,68
311,206,214,204,65
175,276,145,216,188
132,478,104,117,169
249,284,199,172,96
284,208,222,220,66
286,248,200,186,80
284,212,227,209,68
314,208,220,191,67
322,212,222,176,68
297,232,212,183,76
270,281,189,164,96
314,204,214,204,64
314,204,227,191,64
331,212,221,168,68
305,208,209,212,66
240,294,189,176,101
240,294,199,169,98
321,212,222,176,69
303,204,215,212,66
255,293,213,172,67
289,330,190,173,18
299,256,236,186,23
293,272,211,204,20
318,258,225,180,19
112,450,111,204,123
179,548,135,126,12
252,340,191,199,18
271,300,211,200,18
297,264,227,192,20
293,264,219,204,20
316,252,225,188,19
297,323,190,172,18
280,331,208,163,18
308,257,211,208,16
327,256,223,176,18
308,249,228,191,24
314,251,204,215,16
265,373,185,161,16
253,363,204,164,16
291,278,226,185,20
304,260,212,206,18
296,274,225,187,18
298,270,223,177,32
317,208,225,184,66
198,240,148,251,163
120,502,78,108,192
201,351,159,164,125
284,238,220,183,75
277,212,231,210,70
312,195,242,191,60
244,276,203,184,93
283,257,207,168,85
302,212,218,200,68
309,212,221,190,68
299,216,223,194,68
241,280,189,194,96
291,239,213,179,78
321,209,226,178,66
285,228,235,178,74
276,248,199,195,82
279,224,230,193,74
317,232,200,177,74
319,204,224,187,66
310,208,211,205,66
284,230,231,181,74
115,364,94,202,225
154,463,109,110,164
255,271,208,176,90
292,213,223,204,68
269,265,201,180,85
354,170,241,188,47
293,212,219,208,68
318,208,224,184,66
292,235,212,184,77
266,286,185,164,99
307,216,205,204,68
327,216,215,174,68
306,164,244,238,48
304,251,190,180,75
262,273,204,171,90
300,212,229,192,67
261,238,217,209,75
318,208,216,192,66
312,212,222,184,70
304,208,213,208,67
180,291,126,217,186
192,407,122,139,140
255,253,208,202,82
280,276,185,168,91
283,223,232,191,71
297,218,205,208,72
315,216,220,181,68
300,239,195,188,78
148,209,130,252,261
60,415,36,228,261
239,322,156,171,112
314,206,221,196,63
306,200,216,216,62
293,240,209,184,74
54,815,44,39,48
37,904,31,24,4
179,489,142,126,64
330,168,237,215,50
317,208,217,192,66
305,225,212,184,74
257,298,181,160,104
301,217,205,208,69
312,222,214,184,68
350,172,231,197,50
276,241,191,211,81
275,275,197,161,92
324,200,230,184,62
340,168,227,215,50
320,228,211,169,72
297,238,202,183,80
240,291,200,170,99
99,393,79,193,236
231,323,165,174,107
264,286,193,160,97
303,206,235,191,65
325,218,211,178,68
309,208,219,198,66
294,228,205,194,79
271,280,190,164,95
294,237,216,176,77
295,212,217,208,68
311,216,223,182,68
298,208,218,208,68
252,288,187,175,98
301,229,214,182,74
293,223,217,194,73
309,209,208,208,66
320,212,217,182,69
270,272,198,167,93
327,219,220,168,66
323,157,246,228,46
147,321,115,203,214
151,461,105,119,164
267,245,222,184,82
272,226,221,209,72
238,282,167,177,136
303,240,211,168,78
292,196,231,219,62
333,176,243,194,54
310,235,195,183,77
269,277,194,167,93
309,211,212,200,68
313,214,215,192,66
299,236,197,178,90
250,252,198,218,82
313,212,231,176,68
315,188,249,190,58
294,220,203,213,70
268,276,187,177,92
269,253,213,182,83
337,137,260,230,36
126,350,100,203,221
142,463,103,126,166
253,297,183,168,99
315,184,223,222,56
258,280,189,181,92
297,212,230,191,70
266,221,221,224,68
325,220,204,180,71
271,236,226,190,77
316,222,195,200,67
316,200,231,191,62
301,225,214,188,72
262,271,183,193,91
321,193,234,203,49
299,216,208,208,69
296,224,204,202,74
311,232,209,174,74
293,216,207,216,68
311,203,219,203,64
279,244,200,191,86
59,454,60,166,261
237,309,169,180,105
263,304,171,160,102
311,176,240,215,58
320,188,219,215,58
253,292,179,174,102
315,204,229,188,64
333,177,227,209,54
319,211,217,185,68
286,232,216,191,75
239,286,184,198,93
306,214,227,184,69
318,216,221,177,68
274,220,216,218,72
291,236,211,184,78
315,216,225,176,68
291,208,219,216,66
306,228,223,169,74
289,259,177,187,88
280,263,204,165,88
73,417,66,188,256
234,331,161,164,110
283,256,195,178,88
359,160,248,186,47
284,212,226,212,66
283,232,230,181,74
273,252,208,183,84
300,212,200,220,68
289,216,235,192,68
321,212,215,176,76
281,261,195,175,88
263,249,204,200,84
315,199,233,191,62
329,212,220,171,68
285,220,210,213,72
324,204,216,194,62
284,217,222,207,70
297,208,230,199,66
304,229,211,181,75
256,288,185,173,98
73,424,65,184,254
213,357,149,158,123
312,225,210,179,74
311,212,219,190,68
297,212,217,202,72
299,220,207,204,70
242,296,194,168,100
309,208,225,190,68
307,212,210,203,68
316,208,219,191,66
282,243,214,184,77
245,293,173,190,99
287,222,237,182,72
297,220,217,196,70
271,220,220,217,72
281,270,190,171,88
290,239,218,178,75
308,192,211,230,59
275,250,196,196,83
302,237,205,178,78
51,457,52,179,261
200,357,142,181,120
277,256,201,183,83
285,216,184,247,68
286,264,181,182,87
278,238,191,215,78
327,204,199,206,64
257,266,189,199,89
274,254,194,197,81
294,220,213,203,70
292,196,211,243,58
283,284,182,157,94
319,201,227,191,62
309,204,208,216,63
279,234,210,201,76
292,227,218,192,71
296,212,214,210,68
276,218,222,210,74
254,271,164,198,113
66,468,61,153,252
204,351,145,180,120
305,241,204,173,77
318,192,218,218,54
341,192,207,202,58
352,112,237,264,35
308,228,204,187,73
278,224,199,228,71
346,128,261,230,35
271,258,185,200,86
303,196,227,214,60
279,200,202,254,65
307,184,228,227,54
277,259,185,192,87
280,209,214,234,63
296,194,234,217,59
268,280,183,177,92
195,243,148,247,167
134,462,103,134,167
281,193,209,259,58
277,264,191,182,86
307,192,207,230,64
285,246,187,202,80
296,219,197,218,70
331,192,223,196,58
266,268,173,202,91
291,196,211,242,60
313,226,185,205,71
282,235,206,200,77
304,195,231,210,60
246,268,180,216,90
323,176,225,226,50
298,215,198,222,67
290,241,203,189,77
329,172,218,229,52
123,349,103,222,203
203,365,139,168,125
264,276,188,180,92
318,192,220,212,58
279,224,191,238,68
334,164,222,232,48
329,192,223,198,58
239,276,199,194,92
311,188,217,228,56
325,189,226,203,57
278,215,210,230,67
326,192,213,211,58
276,220,209,227,68
293,192,227,230,58
270,252,202,194,82
314,190,226,214,56
274,218,205,236,67
229,259,183,220,109
184,373,72,182,189
256,272,187,194,91
311,180,227,229,53
286,248,184,202,80
316,179,214,237,54
285,229,210,206,70
301,200,210,224,65
281,228,184,233,74
340,164,236,212,48
299,201,204,235,61
258,247,216,200,79
321,176,218,234,51
306,228,190,200,76
320,148,234,254,44
338,148,236,240,38
347,192,211,190,60
247,276,181,198,98
103,406,78,189,224
254,272,178,204,92
313,192,217,222,56
256,268,188,197,91
298,192,220,228,62
281,231,213,204,71
275,233,193,222,77
321,200,221,198,60
275,200,211,244,70
319,196,223,204,58
246,256,188,222,88
318,216,210,190,66
294,188,217,243,58
280,240,198,204,78
326,184,210,221,59
297,229,199,201,74
309,192,216,225,58
207,236,149,251,157
200,411,124,122,143
258,256,179,226,81
300,213,220,198,69
296,192,216,238,58
261,280,183,186,90
294,188,220,240,58
291,224,211,204,70
250,247,201,222,80
337,197,210,198,58
281,208,200,247,64
324,196,215,205,60
256,246,194,221,83
304,222,215,190,69
299,188,219,230,64
295,251,184,186,84
291,196,223,231,59
315,196,214,216,59
68,434,65,184,249
186,389,128,162,135
264,252,206,194,84
330,192,222,198,58
309,187,218,228,58
253,277,194,186,90
297,192,211,242,58
288,229,204,204,75
282,239,190,212,77
316,200,224,200,60
291,228,185,221,75
304,216,209,204,67
308,190,221,222,59
273,278,160,197,92
293,208,217,222,60
317,183,219,226,55
290,241,197,193,79
312,184,223,229,52
105,368,95,220,212
229,316,160,189,106
345,122,231,264,38
286,248,190,194,82
305,200,205,230,60
306,184,227,229,54
303,184,222,237,54
264,260,187,203,86
304,200,207,229,60
284,264,169,199,84
311,184,226,225,54
276,200,212,250,62
298,225,208,197,72
277,190,217,259,57
266,277,169,178,110
319,178,199,233,71
286,250,172,192,100
121,366,88,208,217
247,292,158,194,109
318,188,196,223,75
307,213,190,205,85
294,203,194,226,83
323,176,215,215,71
280,264,173,181,102
317,172,211,233,67
300,249,159,192,100
316,151,216,252,65
259,237,174,236,94
295,231,193,190,91
318,192,187,226,77
245,266,183,199,107
347,136,216,242,59
254,273,167,204,102
308,204,194,214,80
191,275,125,230,179
161,419,120,142,158
299,201,184,236,80
281,267,170,174,108
321,156,217,243,63
280,269,158,188,105
297,196,196,230,81
300,192,211,218,79
266,280,165,181,108
295,192,210,225,78
285,224,182,218,91
292,237,181,200,90
359,117,206,269,49
260,276,180,175,109
318,192,200,214,76
263,241,189,212,95
291,231,193,196,89
300,192,197,234,77
121,364,94,206,215
194,386,107,170,143
286,220,197,208,89
317,188,189,230,76
280,252,181,188,99
303,216,188,210,83
366,116,227,238,53
263,264,185,186,102
325,187,190,229,69
311,184,196,235,74
274,268,173,182,103
326,192,197,207,78
287,236,163,219,95
288,232,192,198,90
312,184,189,240,75
260,254,161,217,108
310,185,195,235,75
229,237,159,220,155
99,468,72,173,188
259,265,180,195,101
307,193,188,234,78
293,200,208,219,80
318,192,188,227,75
288,192,204,240,76
327,200,201,194,78
250,273,167,200,110
303,195,194,230,78
271,222,175,241,91
299,222,192,197,90
296,196,201,228,79
283,264,166,182,105
319,196,201,206,78
297,192,189,246,76
259,298,161,180,102
305,192,192,235,76
121,340,110,219,210
180,402,109,158,151
288,248,174,190,100
303,194,213,214,76
321,192,189,222,76
275,260,160,203,102
165,214,104,306,211
218,361,1,380,41
238,344,1,378,40
228,344,1,388,40
232,344,1,384,40
189,350,10,362,89
230,344,1,385,41
226,356,1,374,44
240,348,1,372,40
224,344,1,389,43
195,351,10,357,87
232,340,1,386,42
228,352,1,380,40
238,341,1,381,40
237,347,1,376,40
187,348,10,369,86
232,356,1,367,45
236,336,1,389,39
226,360,1,374,40
239,340,1,382,39
173,358,10,364,95
228,348,1,384,40
236,344,1,380,40
226,342,1,392,40
222,354,1,383,41
187,332,10,379,92
234,348,1,378,40
234,341,1,386,39
246,347,1,368,39
191,340,10,372,87
238,346,1,374,42
231,344,1,386,39
239,345,1,376,40
232,339,1,390,39
191,354,10,356,89
233,342,1,380,45
236,344,1,380,40
232,340,1,388,40
242,346,1,372,40
190,348,10,362,90
223,353,1,380,44
235,343,1,383,39
235,348,1,373,44
214,344,3,384,55
192,359,7,367,75
234,341,1,383,42
234,344,1,378,44
220,348,1,392,40
186,355,10,359,90
236,339,1,383,42
240,347,1,373,40
234,341,1,385,40
236,341,1,380,43
194,329,10,378,89
228,349,1,382,41
238,330,1,374,58
244,340,1,377,39
220,348,1,392,40
196,330,10,369,95
236,345,1,380,39
235,348,1,376,41
223,343,1,392,42
198,344,10,367,81
220,352,1,378,50
238,344,1,377,41
236,342,1,383,39
238,346,1,376,40
194,343,10,366,87
238,343,1,377,42
230,348,1,383,39
234,348,1,378,40
214,356,1,390,40
186,353,10,360,91
234,339,1,388,39
240,348,1,372,40
214,348,1,398,40
229,355,1,370,46
173,354,10,372,91
250,340,1,371,39
225,344,1,391,40
233,350,1,376,41
186,348,10,367,89
236,343,1,380,41
224,345,1,390,41
232,350,1,378,40
226,342,1,392,40
202,348,10,350,90
224,344,1,390,42
237,348,1,375,40
221,347,1,392,40
244,341,1,376,39
193,327,10,380,90
225,344,1,391,40
236,348,1,375,41
238,340,1,383,39
202,325,10,381,82
212,373,1,361,54
232,344,1,384,40
224,348,1,389,39
226,352,1,378,44
188,346,10,368,88
239,350,1,370,41
240,344,1,376,40
235,340,1,386,39
251,340,1,370,39
177,348,10,376,89
247,346,1,368,39
224,348,1,388,40
227,356,1,376,41
230,339,1,392,39
197,347,10,355,91
230,348,1,382,40
212,360,1,387,41
226,348,1,386,40
194,350,10,360,86
218,346,1,389,47
236,351,1,372,41
222,347,1,391,40
232,348,1,380,40
182,346,10,370,92
228,353,1,373,46
228,346,1,383,43
238,346,1,376,40
226,350,1,384,40
199,349,10,352,90
244,337,1,380,39
232,348,1,381,39
226,344,1,389,41
240,343,1,377,40
198,326,10,377,89
248,344,1,368,40
244,344,1,373,39
225,349,1,383,43
193,358,10,351,88
226,346,1,386,42
218,338,1,371,73
236,342,1,382,40
228,348,1,384,40
180,349,10,370,91
238,352,1,367,43
218,348,1,390,44
238,347,1,375,40
220,344,1,396,40
176,355,10,368,91
228,344,1,388,40
226,352,1,379,43
239,340,1,381,40
233,340,1,384,43
198,329,10,376,87
149,313,20,360,158
228,351,1,379,42
239,344,1,377,40
227,348,1,383,42
232,342,1,387,39
188,352,10,355,95
244,340,1,377,39
204,348,1,407,41
246,346,1,369,39
200,340,10,358,92
224,347,1,385,44
240,345,1,376,39
216,351,1,392,41
238,345,1,377,40
194,345,10,360,91
228,347,1,381,44
233,344,1,384,39
221,344,1,395,40
230,352,1,377,41
180,354,10,364,92
232,344,1,380,44
226,343,1,392,39
220,353,1,384,43
204,335,7,376,78
192,376,3,368,61
222,348,1,390,40
229,348,1,380,43
223,344,1,389,44
192,336,10,368,94
222,348,1,385,45
234,342,1,385,39
232,350,1,378,40
227,344,1,390,39
196,337,10,367,90
208,352,1,395,45
240,346,1,374,40
230,339,1,392,39
224,351,1,377,48
181,353,10,361,95
223,349,1,386,42
220,351,1,389,40
230,344,1,384,42
179,361,10,353,97
232,345,1,379,44
235,344,1,381,40
243,342,1,376,39
238,338,1,385,39
193,350,10,356,91
225,344,1,386,45
226,352,1,382,40
236,336,1,389,39
248,344,1,368,40
194,347,10,362,87
222,351,1,382,45
224,344,1,392,40
238,348,1,374,40
228,320,6,374,72
200,353,4,381,62
240,336,1,385,39
234,348,1,378,40
230,340,1,389,41
198,335,10,370,87
228,345,1,383,44
246,343,1,372,39
222,346,1,392,40
228,342,1,391,39
199,346,10,355,90
227,348,1,380,45
232,344,1,385,39
226,344,1,390,40
232,348,1,380,40
174,351,10,369,96
240,341,1,380,39
238,342,1,380,40
241,344,1,376,39
207,342,10,355,86
229,338,1,388,45
246,346,1,369,39
223,345,1,392,40
233,348,1,376,43
180,348,10,371,91
234,346,1,376,44
232,340,1,389,39
240,348,1,372,40
236,334,1,391,39
173,360,10,364,93
211,348,1,396,45
240,342,1,378,40
237,342,1,382,39
235,344,1,377,44
185,346,10,369,90
214,352,1,393,41
235,348,1,377,40
221,348,1,390,41
190,354,10,354,92
222,342,1,392,44
222,357,1,380,41
222,344,1,392,42
238,346,1,376,40
188,344,10,365,93
222,353,1,380,45
236,337,1,387,40
247,347,1,364,42
233,340,1,387,40
193,343,10,361,93
238,349,1,367,46
224,347,1,389,40
248,337,1,376,39
206,327,9,379,79
217,369,1,358,55
226,343,1,391,40
231,349,1,380,40
237,336,1,388,39
182,331,10,386,91
222,351,1,382,45
230,347,1,384,39
226,348,1,383,43
230,345,1,385,40
182,365,10,349,94
132,574,1,262,32
208,411,1,346,35
232,352,1,376,40
232,340,1,385,43
187,352,10,362,89
236,341,1,380,43
240,341,1,380,39
225,344,1,392,39
239,345,1,376,40
177,355,10,368,90
238,344,1,374,44
234,340,1,387,39
228,352,1,379,41
218,342,5,369,66
202,351,5,370,72
230,339,1,392,39
244,349,1,364,43
236,336,1,387,41
192,354,10,354,90
238,340,1,378,44
240,338,1,383,39
240,346,1,375,39
212,404,1,347,37
174,371,10,356,89
224,351,1,381,44
236,338,1,387,39
230,352,1,376,42
226,339,1,396,39
190,359,10,349,92
224,340,1,392,44
234,347,1,378,41
200,284,1,335,181
209,363,1,344,84
186,344,10,367,93
202,403,1,319,76
219,374,1,345,62
229,360,1,356,55
238,340,1,384,38
184,354,10,357,95
177,504,1,289,30
215,356,1,386,43
244,344,1,372,40
228,348,1,382,42
203,324,10,369,94
241,339,1,380,40
236,348,1,376,40
237,336,1,388,39
216,329,9,365,81
190,371,1,382,56
232,346,1,382,40
230,344,1,387,39
236,352,1,371,41
189,342,10,369,90
233,352,1,371,44
214,380,1,364,42
234,337,1,389,40
228,360,1,364,48
182,347,10,372,89
243,343,1,371,43
227,359,1,373,41
229,344,1,388,39
192,344,10,343,111
232,348,1,381,39
216,355,1,375,54
226,374,1,355,45
234,343,1,384,39
189,354,10,351,96
235,346,1,381,38
228,358,1,372,42
226,344,1,384,46
236,344,1,378,42
199,329,10,349,113
238,336,1,387,39
229,348,1,384,39
229,344,1,375,52
238,348,1,374,40
179,346,10,369,96
238,345,1,377,40
238,337,1,386,39
234,342,1,369,55
242,344,1,374,40
179,346,10,370,95
237,356,1,364,43
211,378,1,374,37
219,360,1,380,41
234,328,1,354,84
186,341,10,367,96
236,345,1,379,40
240,336,1,381,43
242,347,1,368,43
177,313,10,336,164
220,347,1,389,44
234,341,1,373,52
234,348,1,380,38
238,345,1,376,41
188,329,10,376,97
242,343,1,376,39
230,344,1,387,39
230,348,1,381,41
216,320,7,384,73
201,374,3,360,62
234,336,1,391,39
246,348,1,366,40
226,340,1,395,39
185,352,10,352,101
236,346,1,377,41
236,346,1,379,39
180,293,19,358,150
231,340,1,390,39
236,348,1,376,40
237,332,1,368,63
224,348,1,388,40
183,354,10,358,95
236,344,1,381,39
236,344,1,380,40
232,336,1,385,47
238,350,1,370,42
179,350,10,368,93
219,356,1,379,46
214,355,1,389,42
232,347,1,375,46
188,333,10,368,101
232,344,1,384,40
227,352,1,374,47
241,343,1,376,40
226,338,1,396,40
192,336,10,367,95
234,344,1,381,41
230,344,1,386,40
250,340,1,368,42
230,348,1,381,41
184,342,10,371,93
246,344,1,370,40
230,343,1,387,40
234,349,1,377,40
222,320,7,374,77
194,369,3,373,61
230,346,1,380,44
238,344,1,376,42
226,372,1,359,43
186,344,10,363,97
238,348,1,372,42
246,341,1,373,40
232,344,1,385,39
230,351,1,378,41
196,343,10,356,95
234,348,1,375,43
238,336,1,387,39
242,348,1,370,40
229,338,1,394,39
199,333,10,364,94
230,344,1,386,40
242,344,1,374,40
234,336,1,391,39
226,364,1,370,40
180,333,10,384,93
224,360,1,372,44
234,344,1,380,42
244,344,1,365,47
183,349,10,356,102
234,346,1,377,43
236,348,1,376,40
194,349,10,352,95
227,348,1,386,39
240,346,1,368,46
224,354,1,381,41
236,343,1,381,40
182,355,10,352,101
232,346,1,381,41
232,349,1,379,40
216,350,1,394,40
228,351,1,381,40
142,344,20,354,140
232,356,1,368,44
236,355,1,370,39
227,349,1,384,40
229,356,1,375,40
180,350,10,370,90
229,354,1,376,41
228,345,1,388,39
237,353,1,364,46
237,347,1,376,40
183,340,10,351,116
222,364,1,374,40
236,338,1,388,38
238,353,1,368,41
200,326,8,384,82
209,377,2,357,55
243,336,1,382,39
245,345,1,370,40
235,354,1,373,38
196,333,10,362,99
236,343,1,381,40
236,340,1,385,39
240,346,1,370,44
236,338,1,387,39
186,356,10,352,96
226,348,1,386,40
220,352,1,387,41
232,344,1,385,39
236,348,1,376,40
182,346,10,365,97
228,372,1,358,42
234,351,1,376,39
224,356,1,378,42
244,348,1,369,39
182,350,10,361,97
224,370,1,364,42
240,346,1,374,40
219,353,1,382,46
204,331,10,368,87
206,357,1,366,71
224,352,1,383,41
226,344,1,391,39
238,358,1,365,39
184,357,10,350,99
222,360,1,380,38
234,346,1,380,40
238,342,1,381,39
232,350,1,375,43
186,351,10,358,95
236,353,1,372,39
229,349,1,378,44
223,360,1,373,44
225,363,1,371,41
193,352,10,348,97
232,344,1,384,40
234,348,1,379,39
222,354,1,386,38
238,348,1,370,44
188,324,10,384,94
224,360,1,376,40
234,347,1,380,39
234,350,1,376,40
188,343,10,366,93
248,346,1,368,38
244,337,1,380,39
230,352,1,377,41
226,352,1,383,39
197,329,10,367,97
229,347,1,386,38
218,357,1,384,41
208,402,1,344,46
216,349,1,396,39
193,355,10,347,95
232,344,1,385,39
234,350,1,376,40
238,338,1,384,40
235,350,1,376,39
195,344,10,357,94
232,353,1,375,40
258,333,1,371,38
234,342,1,385,39
200,342,10,366,82
212,368,1,369,51
236,344,1,380,40
240,346,1,376,38
230,344,1,386,40
163,336,10,333,158
225,348,1,388,39
246,346,1,368,40
228,348,1,384,40
232,351,1,377,40
195,351,10,348,96
226,344,1,390,40
238,350,1,371,41
221,350,1,391,38
241,344,1,375,40
181,350,10,365,94
235,350,1,374,41
237,336,1,388,39
240,352,1,369,39
238,354,1,366,42
181,350,10,366,93
238,348,1,374,40
239,336,1,386,39
239,346,1,375,40
179,348,10,364,99
225,354,1,382,39
227,345,1,380,48
238,345,1,376,41
226,344,1,390,40
192,350,10,355,93
212,360,1,388,40
234,358,1,368,40
236,346,1,379,39
232,344,1,383,41
190,350,10,355,95
224,344,1,392,40
236,344,1,380,40
246,336,1,379,39
225,366,1,369,40
180,346,10,372,92
238,348,1,376,38
216,351,1,392,41
240,345,1,375,40
202,330,10,363,95
240,344,1,373,43
230,335,1,385,50
234,356,1,370,40
224,347,1,391,38
171,369,10,336,114
229,352,1,375,44
234,344,1,381,41
236,341,1,376,47
240,336,1,385,39
181,345,10,351,113
248,338,1,363,51
224,345,1,392,39
230,345,1,375,50
232,344,1,384,40
186,352,10,355,97
232,342,1,386,40
230,350,1,380,40
226,352,1,380,42
198,335,10,363,94
208,379,1,359,54
218,360,1,383,39
228,351,1,380,41
226,360,1,374,40
164,357,10,333,136
234,346,1,380,40
230,346,1,385,39
223,353,1,375,49
235,338,1,387,40
187,354,10,355,94
225,347,1,385,43
228,348,1,383,41
224,347,1,390,39
220,353,1,384,43
172,349,10,372,97
234,345,1,381,40
226,350,1,380,44
248,341,1,372,39
210,321,8,374,87
218,368,2,360,52
234,338,1,389,39
234,343,1,369,54
238,342,1,377,43
191,340,10,362,97
218,347,1,380,55
233,350,1,376,41
190,345,9,341,115
224,337,5,370,64
228,346,1,380,46
236,336,1,371,57
230,344,1,385,41
187,361,10,347,95
247,336,1,369,48
232,348,1,380,40
230,341,1,375,54
218,346,1,386,50
188,352,10,358,92
224,342,1,392,42
233,348,1,375,44
233,344,1,379,44
212,370,1,370,48
188,361,10,351,90
234,337,1,380,49
208,375,1,376,41
232,337,1,373,58
224,346,1,387,43
190,344,10,354,102
226,340,1,390,44
226,348,1,386,40
230,344,1,378,48
198,345,10,353,94
224,344,1,391,41
229,340,1,363,68
230,344,1,386,40
234,336,1,371,59
198,325,10,375,92
228,355,1,370,47
230,333,1,383,54
226,352,1,381,41
234,351,1,366,49
180,347,10,374,89
238,352,1,364,46
228,347,1,382,43
246,340,1,374,40
209,416,1,340,35
178,366,10,350,96
204,319,1,349,128
90,740,1,148,22
10,953,1,31,6
6,980,1,9,5
18,940,1,28,14
22,914,1,53,11
12,935,1,16,37
14,901,1,23,62
4,856,1,16,124
4,982,1,11,3
8,970,1,12,10
4,991,1,1,4
16,958,1,16,10
8,966,1,12,14
8,960,1,25,7
42,889,1,59,10
198,446,1,320,36
42,856,1,68,34
10,909,1,35,46
100,704,1,157,39
30,875,1,51,44
24,936,1,29,11
22,915,1,51,12
45,862,1,73,20
33,920,1,36,11
8,966,1,16,10
6,970,1,16,8
96,618,10,203,73
104,756,1,124,16
238,340,1,364,58
214,377,1,364,45
116,644,1,176,64
96,494,1,172,238
208,378,1,342,72
111,457,10,259,163
185,504,1,280,31
238,340,1,364,58
207,398,1,352,43
118,625,1,182,75
96,686,1,166,52
210,390,1,353,47
115,538,10,254,83
238,337,1,385,40
234,350,1,370,46
234,341,1,387,38
250,339,1,365,46
187,355,10,357,91
224,355,1,378,43
88,735,1,148,29
14,958,1,16,12
22,926,1,40,12
26,929,1,33,12
22,925,1,44,9
154,577,1,236,33
220,346,1,394,40
189,352,10,359,90
226,346,1,386,42
240,342,1,375,43
230,344,1,385,41
236,356,1,366,42
186,346,10,360,98
230,368,1,365,37
242,340,1,372,46
232,342,1,387,39
242,342,1,376,40
185,350,10,358,97
236,345,1,380,39
242,341,1,375,42
230,348,1,382,40
220,336,3,387,54
202,333,7,370,88
218,360,1,381,41
234,348,1,377,41
236,336,1,390,38
26,588,1,28,358
24,480,1,44,452
24,490,1,24,462
18,609,1,40,333
26,934,1,28,12
28,928,1,24,20
46,770,1,56,128
6,693,10,63,228
8,823,1,15,154
16,934,1,28,22
50,871,1,60,19
52,827,1,80,41
2,993,1,3,2
1,998,1,1,2
1,999,1,1,1
100,731,1,153,16
236,336,1,377,51
242,346,1,370,42
231,353,1,364,52
205,336,10,351,98
227,364,1,370,39
183,478,1,304,35
214,344,1,383,59
226,356,1,376,42
204,326,10,365,95
117,670,1,188,25
223,380,1,360,37
240,345,1,372,43
240,340,1,367,53
228,336,1,382,54
188,354,10,359,89
223,348,1,387,42
229,351,1,370,50
224,348,1,385,43
204,333,10,357,96
214,359,1,376,51
114,654,1,201,31
224,346,1,368,62
234,353,1,368,45
225,342,1,394,39
166,385,10,339,100
232,352,1,376,40
229,344,1,382,45
229,348,1,376,47
230,335,4,363,68
194,364,6,364,72
228,344,1,386,42
240,344,1,376,40
236,344,1,372,48
193,346,10,364,87
228,344,1,389,39
225,348,1,380,47
245,340,1,368,47
216,348,1,395,41
196,332,10,373,89
236,343,1,380,41
238,335,1,385,42
233,353,1,371,43
231,346,1,370,53
195,328,10,376,91
214,387,1,352,47
236,350,1,367,47
206,374,1,382,38
242,346,1,372,40
188,327,10,386,89
247,344,1,364,45
235,336,1,390,39
246,344,1,370,40
210,320,10,371,89
234,346,1,380,40
234,345,1,380,41
212,408,1,339,41
202,441,1,320,37
180,348,10,373,89
224,374,1,355,47
230,344,1,380,46
170,507,1,271,52
244,332,1,386,38
200,328,10,371,91
236,339,1,362,63
235,344,1,380,41
223,348,1,385,44
228,348,1,375,49
186,346,10,364,94
231,350,1,378,41
188,487,1,288,37
232,341,1,388,39
239,345,1,376,40
191,345,10,362,92
232,348,1,379,41
220,348,1,391,41
222,344,1,373,61
234,338,1,388,40
194,358,10,348,90
214,347,1,388,51
242,343,1,374,41
232,340,1,385,43
70,791,1,112,27
80,754,1,140,26
105,558,10,238,89
216,364,1,380,40
242,332,1,375,51
238,346,1,376,40
242,335,1,384,39
198,349,10,354,89
127,544,41,188,100
107,656,70,114,53
244,302,191,209,54
257,256,169,238,80
265,246,182,241,66
281,232,190,222,75
249,262,174,234,81
266,254,183,218,79
294,206,190,246,64
248,272,158,235,87
274,235,184,239,68
245,272,161,235,87
272,212,202,247,67
246,277,180,207,90
274,219,196,245,66
96,398,81,181,244
119,496,86,131,168
246,263,186,223,82
218,335,157,189,101
302,184,216,242,56
271,249,193,207,80
274,255,198,193,80
283,208,204,239,66
233,309,166,190,102
279,208,210,239,64
253,258,187,220,82
269,241,181,231,78
284,232,190,224,70
246,276,180,204,94
298,196,202,246,58
257,296,168,182,97
287,221,205,215,72
308,208,197,223,64
95,398,81,201,225
175,398,124,165,138
236,308,164,190,102
282,212,225,215,66
300,212,199,225,64
253,300,164,181,102
300,208,191,237,64
287,219,212,215,67
231,293,170,207,99
326,172,231,221,50
218,296,166,221,99
315,192,223,213,57
272,228,191,238,71
263,288,177,175,97
278,212,206,239,65
267,268,177,200,88
286,243,195,197,79
305,206,204,223,62
117,366,86,208,223
170,431,115,132,152
254,258,180,222,86
291,231,204,204,70
264,223,207,234,72
256,296,171,181,96
303,204,197,231,65
304,223,203,202,68
259,289,167,187,98
298,208,201,229,64
274,224,187,242,73
251,292,181,181,95
294,212,206,224,64
255,282,163,205,95
298,232,198,199,73
295,204,201,236,64
248,297,170,185,100
285,219,204,226,66
146,316,123,218,197
132,442,62,211,153
220,262,56,387,75
237,232,69,402,60
220,248,68,396,68
238,229,91,380,62
226,235,63,416,60
276,203,92,377,52
236,230,84,388,62
215,255,73,386,71
170,236,82,360,152
161,399,77,230,133
226,230,63,421,60
178,434,68,264,56
230,234,55,421,60
220,238,69,409,64
254,231,75,380,60
246,227,85,380,62
226,239,76,393,66
276,222,108,332,62
197,189,71,421,122
132,355,20,383,110
178,240,1,526,56
190,232,1,526,52
194,236,1,514,56
186,236,1,524,54
190,232,1,526,52
180,228,1,518,74
124,254,20,480,122
184,232,1,532,52
180,240,1,526,54
178,228,1,540,54
269,247,131,281,72
297,209,215,215,64
241,276,171,220,92
294,222,206,208,70
299,215,197,225,64
243,288,170,201,98
278,237,179,208,98
68,448,73,177,234
215,333,158,181,113
292,208,199,237,64
248,297,164,192,99
229,401,148,159,63
290,235,189,226,60
327,209,203,195,66
261,300,157,182,100
296,212,197,231,64
286,224,195,222,73
245,289,172,199,95
327,194,206,214,59
275,249,176,220,80
301,233,191,199,76
294,204,207,231,64
245,296,171,192,96
295,196,214,235,60
266,251,195,206,82
92,396,88,198,226
184,381,125,179,131
251,287,170,196,96
321,208,196,211,64
305,220,194,211,70
275,266,174,197,88
302,207,204,223,64
251,279,173,206,91
278,233,190,223,76
351,171,216,213,49
240,293,153,213,101
354,159,232,211,44
254,261,175,224,86
275,256,193,194,82
296,204,204,234,62
262,280,170,188,100
287,208,201,239,65
309,217,201,206,67
86,414,76,192,232
198,377,130,168,127
256,291,164,193,96
298,209,203,224,66
298,228,187,216,71
278,268,180,185,89
288,212,207,229,64
244,287,171,204,94
282,225,196,225,72
290,216,213,215,66
270,268,160,212,90
322,197,211,210,60
304,205,192,237,62
249,307,168,172,104
289,208,200,239,64
264,257,193,204,82
272,265,192,185,86
310,193,199,238,60
120,367,90,212,211
180,435,107,125,153
253,255,178,230,84
286,247,194,195,78
295,207,200,234,64
234,309,165,190,102
303,213,184,234,66
263,252,188,219,78
258,260,176,222,84
300,223,180,227,70
263,259,171,223,84
321,209,194,215,61
249,261,170,234,86
302,210,191,233,64
292,225,197,214,72
296,200,199,246,59
258,268,159,230,85
129,299,94,288,190
156,402,98,204,140
265,232,157,279,67
282,207,164,287,60
269,257,133,262,79
256,249,139,280,76
263,261,139,257,80
282,220,144,288,66
267,249,150,263,71
261,220,156,303,60
251,252,134,288,75
250,268,144,254,84
232,279,135,266,88
249,253,137,281,80
109,361,72,241,217
235,263,139,285,78
266,249,136,275,74
241,265,135,277,82
267,264,142,245,82
265,248,129,282,76
272,248,132,272,76
246,260,122,294,78
253,256,121,292,78
266,216,128,330,60
240,248,132,304,76
260,235,138,297,70
255,257,136,274,78
101,318,76,235,270
207,338,110,237,108
239,260,140,281,80
237,281,130,266,86
266,243,136,282,73
254,246,140,285,75
248,259,130,281,82
262,249,133,280,76
261,247,133,287,72
269,216,148,305,62
242,265,129,282,82
232,268,145,269,86
272,218,165,281,64
226,214,146,265,149
82,497,65,174,182
250,258,129,281,82
264,252,128,280,76
266,245,134,282,73
256,235,148,292,69
254,264,135,265,82
237,275,128,274,86
258,241,147,279,75
253,252,154,263,78
254,227,153,299,67
261,249,157,258,75
255,268,141,251,85
261,256,136,267,80
183,246,119,284,168
135,423,88,203,151
266,252,151,255,76
254,260,140,264,82
244,252,152,274,78
280,221,154,279,66
269,258,145,248,80
246,258,139,279,78
255,264,152,247,82
270,233,159,270,68
273,219,158,283,67
236,276,144,258,86
234,268,138,274,86
239,262,148,269,82
206,214,138,293,149
103,489,68,166,174
235,273,146,258,88
219,364,127,235,55
134,574,93,151,48
228,271,147,268,86
241,276,157,240,86
249,237,161,280,73
274,227,162,270,67
249,264,145,258,84
245,268,145,258,84
269,220,167,278,66
268,256,157,241,78
248,264,144,258,86
239,273,144,258,86
219,206,150,272,153
94,494,63,171,178
241,268,145,262,84
264,223,162,284,67
250,252,158,263,77
238,273,148,255,86
240,262,160,256,82
252,239,157,278,74
263,236,162,269,70
245,248,149,280,78
244,268,146,258,84
275,224,153,282,66
265,252,149,256,78
247,273,155,239,86
265,229,157,279,70
80,415,64,208,233
247,265,146,264,78
275,211,158,294,62
246,244,156,280,74
262,276,150,226,86
234,268,146,268,84
282,204,170,284,60
244,272,141,257,86
243,268,138,271,80
113,704,57,84,42
230,316,135,254,65
287,216,155,278,64
182,361,106,199,152
134,394,73,118,281
236,270,141,269,84
168,258,114,285,175
149,413,88,206,144
265,236,156,271,72
71,540,51,83,255
245,279,134,258,84
273,217,162,287,61
254,249,155,263,79
259,236,156,279,70
250,272,136,255,87
254,252,157,259,78
269,220,159,288,64
262,248,144,270,76
246,258,151,265,80
234,270,141,269,86
276,216,168,276,64
79,414,66,204,237
183,378,112,201,126
251,240,153,282,74
263,240,156,269,72
233,272,137,274,84
261,264,152,241,82
244,265,130,274,87
279,226,159,270,66
257,257,135,271,80
235,273,138,268,86
253,268,135,258,86
286,207,162,287,58
254,272,154,232,88
242,256,151,271,80
165,253,121,284,177
156,418,92,188,146
261,240,162,263,74
241,277,151,245,86
240,268,144,262,86
276,205,175,286,58
256,257,151,256,80
247,268,143,258,84
266,244,163,250,77
269,233,160,269,69
273,220,165,278,64
239,270,145,258,88
255,249,148,272,76
274,220,169,271,66
247,284,144,228,97
77,411,69,217,226
228,280,143,259,90
269,256,152,243,80
248,268,146,254,84
245,256,150,270,79
263,224,165,281,67
249,265,143,258,85
250,262,147,261,80
266,256,156,245,77
265,207,175,293,60
252,260,148,257,83
234,276,138,266,86
258,240,156,272,74
268,225,155,284,68
83,387,69,223,238
236,299,138,234,93
243,268,145,258,86
240,254,144,282,80
285,222,159,269,65
241,260,142,276,81
244,273,140,259,84
250,261,154,253,82
288,212,156,281,63
254,252,151,266,77
198,379,119,228,76
262,224,166,282,66
258,261,150,251,80
234,288,134,256,88
153,284,107,272,184
144,413,96,205,142
266,230,166,269,69
232,275,158,250,85
244,264,149,258,85
281,216,164,275,64
252,260,148,260,80
232,293,137,254,84
245,266,156,246,87
287,215,167,270,61
242,264,146,265,83
263,240,151,272,74
252,261,149,258,80
278,215,167,276,64
231,286,144,235,104
71,403,74,220,232
228,282,142,258,90
294,223,158,260,65
280,217,161,278,64
260,268,152,234,86
263,251,150,258,78
258,225,172,277,68
232,268,150,266,84
241,264,149,262,84
274,232,170,254,70
258,254,155,257,76
222,272,150,270,86
239,269,150,258,84
291,211,165,270,63
90,379,78,232,221
209,345,118,213,115
255,265,139,258,83
283,218,164,274,61
244,264,147,261,84
263,220,165,286,66
244,268,159,249,80
249,256,150,266,79
280,227,157,269,67
236,253,153,278,80
241,268,146,261,84
275,220,161,278,66
257,248,149,272,74
270,256,151,239,84
148,289,107,271,185
161,402,95,204,138
250,255,156,257,82
242,276,150,246,86
247,252,148,273,80
276,224,155,279,66
256,259,145,262,78
251,252,150,267,80
261,232,158,279,70
266,253,155,247,79
291,215,162,271,61
228,277,149,260,86
255,252,144,269,80
263,247,147,268,75
214,222,138,274,152
101,477,69,181,172
233,268,141,272,86
253,270,137,260,80
277,216,158,283,66
233,273,142,266,86
249,275,150,240,86
238,277,158,256,71
231,317,133,241,78
252,277,151,246,74
271,264,162,247,56
231,261,155,273,80
240,269,147,258,86
277,215,161,282,65
248,256,158,261,77
96,445,73,212,174
137,423,94,199,147
281,254,156,229,80
234,266,148,268,84
262,250,151,258,79
269,230,165,269,67
264,236,154,272,74
257,272,147,237,87
250,237,163,279,71
266,240,160,263,71
253,252,151,263,81
248,268,140,258,86
275,224,167,270,64
244,256,159,261,80
260,266,144,246,84
76,405,70,211,238
217,336,127,212,108
233,268,151,264,84
244,255,148,273,80
291,202,172,279,56
235,264,148,271,82
242,273,141,258,86
269,236,166,257,72
264,233,160,272,71
255,235,159,282,69
243,264,147,262,84
253,256,148,263,80
262,230,155,282,71
273,234,155,268,70
121,343,90,234,212
173,389,105,202,131
271,223,158,280,68
275,216,169,277,63
269,238,148,271,74
237,271,153,250,89
254,260,149,257,80
286,216,163,271,64
240,256,145,279,80
236,272,147,259,86
245,272,141,258,84
267,204,175,293,61
269,271,147,226,87
238,268,142,266,86
177,246,124,288,165
139,452,79,168,162
239,272,141,262,86
242,260,153,265,80
281,228,146,274,71
256,246,154,269,75
264,230,157,279,70
249,268,148,249,86
252,253,159,259,77
273,223,168,269,67
260,244,155,267,74
258,237,152,282,71
231,264,153,268,84
274,224,166,270,66
227,276,136,247,114
82,428,75,198,217
75,475,43,93,314
204,326,124,201,145
245,254,156,266,79
276,211,167,284,62
252,260,148,259,81
245,268,153,248,86
252,256,155,257,80
270,208,176,288,58
239,260,154,265,82
227,272,147,270,84
237,262,151,267,83
285,215,170,269,61
248,259,159,254,80
243,268,150,253,86
55,410,68,229,238
232,284,139,258,87
255,281,150,228,86
245,252,152,271,80
284,216,162,274,64
255,252,154,261,78
246,260,153,259,82
255,268,151,240,86
291,204,170,277,58
247,260,148,265,80
244,270,142,258,86
245,259,142,274,80
284,222,153,277,64
234,272,138,266,90
131,317,96,258,198
185,374,106,213,122
242,256,141,281,80
279,224,149,282,66
233,320,116,245,86
58,478,37,61,366
109,376,56,120,339
212,393,102,196,97
254,260,134,272,80
253,244,132,299,72
246,262,134,276,82
237,278,135,262,88
255,242,153,276,74
255,258,136,271,80
268,221,165,280,66
193,251,129,276,151
99,461,70,186,184
241,271,136,266,86
257,261,139,263,80
274,208,170,288,60
243,264,138,275,80
254,248,141,279,78
261,272,148,235,84
269,226,159,278,68
273,235,159,263,70
248,258,149,263,82
249,266,143,258,84
280,215,160,281,64
252,247,158,269,74
264,274,149,227,86
64,417,65,218,236
257,255,143,267,78
255,248,152,270,75
253,270,151,240,86
226,270,152,268,84
293,209,165,270,63
236,267,143,271,83
250,268,139,259,84
259,271,150,235,85
257,213,175,293,62
244,264,144,267,81
248,260,143,271,78
251,253,149,267,80
284,207,168,280,61
102,363,77,235,223
168,382,113,211,126
244,265,148,263,80
276,216,167,283,58
248,248,156,272,76
256,244,154,272,74
249,272,151,242,86
241,259,153,265,82
273,210,163,291,63
238,276,135,263,88
236,268,136,276,84
244,276,133,261,86
284,212,156,285,63
256,256,142,265,81
128,302,91,253,226
175,375,113,214,123
250,264,139,265,82
270,216,154,296,64
262,248,136,280,74
259,255,136,270,80
232,263,142,281,82
256,264,131,269,80
267,264,141,246,82
283,208,153,296,60
268,244,146,268,74
252,260,136,271,81
235,272,140,268,85
259,241,149,278,73
94,349,74,210,273
217,335,119,222,107
257,260,135,266,82
268,223,162,281,66
251,249,155,269,76
242,272,142,258,86
253,264,153,249,81
248,260,144,268,80
275,216,161,283,65
228,276,150,260,86
227,268,149,272,84
266,238,157,266,73
254,241,165,269,71
254,274,147,237,88
150,289,106,273,182
152,404,96,207,141
254,253,156,258,79
243,276,150,245,86
256,248,148,272,76
244,249,149,281,77
269,209,171,292,59
250,263,148,259,80
230,270,136,280,84
259,256,146,257,82
252,233,159,286,70
261,251,158,254,76
261,268,134,253,84
244,261,148,265,82
184,241,129,295,151
118,456,88,166,172
248,268,140,258,86
237,257,152,280,74
243,249,155,274,79
270,231,159,273,67
227,268,151,270,84
244,272,143,253,88
265,248,152,261,74
271,224,161,278,66
248,252,147,273,80
253,268,135,258,86
240,260,149,273,78
265,222,167,278,68
223,231,150,247,149
101,443,68,212,176
111,433,71,128,257
87,413,59,113,328
95,383,63,112,347
98,423,56,83,340
85,412,60,119,324
94,387,62,115,342
143,462,84,146,165
181,370,103,178,168
259,235,154,282,70
265,244,148,269,74
246,268,144,258,84
264,260,143,251,82
285,221,164,266,64
253,256,152,259,80
256,238,149,285,72
235,269,142,270,84
273,240,150,264,73
95,379,79,223,224
199,343,120,226,112
231,268,148,267,86
276,213,167,280,64
278,231,160,263,68
249,260,148,263,80
240,273,152,247,88
268,242,155,261,74
265,233,163,269,70
249,253,155,265,78
259,252,139,270,80
271,220,165,278,66
265,260,155,240,80
247,256,156,261,80
160,253,115,286,186
146,425,89,194,146
257,256,164,243,80
234,272,150,258,86
249,263,146,258,84
266,210,174,287,63
246,260,149,265,80
220,270,154,272,84
249,275,156,234,86
279,215,170,274,62
252,256,143,266,83
268,217,170,281,64
284,218,157,276,65
247,254,154,267,78
212,203,145,287,153
94,486,65,177,178
248,264,137,265,86
259,253,152,259,77
259,231,159,282,69
245,257,150,268,80
256,276,148,234,86
266,233,156,274,71
267,236,157,269,71
246,272,137,258,87
280,217,160,278,65
243,266,139,270,82
274,210,175,281,60
264,252,153,252,79
256,260,145,253,86
81,398,69,223,229
220,284,140,266,90
246,260,147,265,82
251,272,147,244,86
245,248,151,280,76
238,276,138,260,88
274,208,165,291,62
257,261,145,257,80
245,269,144,258,84
261,234,152,280,73
257,228,173,278,64
259,264,151,241,85
232,276,142,266,84
238,260,147,273,82
103,361,74,239,223
250,269,139,258,84
252,260,143,265,80
262,268,141,249,80
244,264,139,273,80
261,233,155,282,69
262,243,150,272,73
255,236,146,292,71
228,279,130,275,88
245,261,143,271,80
228,273,129,282,88
280,230,139,282,69
256,253,157,259,75
248,278,147,236,91
94,366,76,231,233
211,284,143,266,96
269,252,145,254,80
258,272,152,232,86
263,240,148,272,77
276,217,170,275,62
245,267,146,258,84
254,256,147,263,80
257,254,166,244,79
259,231,166,275,69
246,264,146,260,84
239,268,149,260,84
285,200,171,284,60
254,272,148,240,86
125,302,112,270,191
136,442,82,186,154
283,208,172,277,60
247,275,150,242,86
251,269,133,261,86
241,264,134,279,82
279,220,159,278,64
239,272,130,273,86
236,272,133,272,87
260,236,145,289,70
248,268,128,274,82
257,244,138,288,73
270,225,148,291,66
257,267,150,243,83
125,299,103,266,207
143,435,88,186,148
278,202,175,287,58
253,274,145,242,86
238,272,155,250,85
248,245,157,273,77
287,218,163,270,62
244,265,139,264,88
250,245,158,273,74
271,247,164,243,75
274,220,168,275,63
247,252,143,280,78
241,277,126,270,86
236,276,132,270,86
182,232,112,296,178
143,431,81,192,153
246,274,142,252,86
269,261,136,254,80
257,266,135,258,84
289,197,168,292,54
257,256,150,257,80
235,268,145,266,86
268,252,158,242,80
279,224,164,269,64
237,260,152,271,80
236,268,142,268,86
282,236,152,258,72
270,234,156,269,71
252,264,152,241,91
77,393,75,228,227
231,280,141,258,90
283,235,157,255,70
253,269,152,240,86
237,272,147,258,86
259,224,169,282,66
237,257,158,269,79
239,270,148,258,85
254,273,153,234,86
281,204,170,285,60
247,264,147,258,84
236,272,148,258,86
263,230,158,281,68
267,230,164,269,70
123,343,90,230,214
151,412,93,203,141
285,212,174,271,58
232,275,142,265,86
237,271,129,281,82
238,284,124,266,88
249,272,133,258,88
267,220,166,283,64
243,256,153,268,80
250,260,148,262,80
256,253,151,260,80
261,216,174,286,63
263,264,157,233,83
224,268,148,274,86
171,259,114,276,180
148,419,92,194,147
241,276,157,238,88
252,252,153,265,78
254,255,147,266,78
286,217,162,269,66
249,268,141,258,84
259,272,149,234,86
267,216,167,286,64
267,248,149,260,76
242,246,162,276,74
238,266,146,266,84
270,228,154,280,68
246,252,162,263,77
241,276,145,241,97
76,402,69,231,222
227,278,144,264,87
246,260,155,259,80
266,260,151,241,82
247,257,151,265,80
270,226,160,274,70
255,247,155,269,74
241,271,146,258,84
253,273,147,241,86
267,219,171,279,64
252,261,150,257,80
224,269,153,268,86
241,251,156,272,80
283,222,162,269,64
107,358,84,227,224
156,401,103,203,137
287,215,166,270,62
255,248,149,272,76
260,269,150,234,87
243,263,148,265,81
280,203,168,291,58
259,249,158,258,76
241,264,146,263,86
250,272,149,245,84
303,205,172,262,58
244,267,138,265,86
242,252,128,296,82
260,264,112,284,80
140,290,98,293,179
152,421,83,200,144
275,208,173,286,58
254,275,142,243,86
241,256,159,264,80
239,276,141,258,86
261,220,169,284,66
270,232,157,271,70
248,264,144,260,84
244,272,148,250,86
279,204,170,289,58
233,277,152,252,86
245,264,147,260,84
256,258,146,258,82
216,194,149,300,141
98,492,71,161,178
244,264,143,263,86
260,245,153,266,76
252,237,164,277,70
245,268,143,260,84
261,272,149,232,86
263,230,156,281,70
259,238,164,269,70
250,268,140,258,84
255,252,147,265,81
266,217,167,286,64
268,248,159,249,76
239,271,147,257,86
244,271,143,258,84
94,378,78,217,233
200,332,136,226,106
244,243,157,280,76
247,268,143,258,84
285,219,161,270,65
252,257,146,265,80
238,261,148,273,80
249,272,151,242,86
282,208,173,277,60
254,256,146,264,80
245,268,141,260,86
242,254,152,272,80
289,210,162,279,60
93,124,59,85,42