,human_ensembl,human_symbol,mouse_ensembl,mouse_symbol,qG0,G1,Late G1,S,S/G2,G2/M,M/Early G1
0,ENSG00000132718,SYT11,ENSMUSG00000068923,Syt11,1,0,0,0,0,0,0
1,ENSG00000152253,SPC25,ENSMUSG00000005233,Spc25,0,0,0,0,1,1,0
2,ENSG00000105202,FBL,ENSMUSG00000046865,Fbl,0,0,0,0,1,0,0
3,ENSG00000116560,SFPQ,ENSMUSG00000028820,Sfpq,0,0,0,0,0,1,0
4,ENSG00000164032,H2AZ1,missing1,missing1,0,0,0,0,0,0,0
5,ENSG00000188229,TUBB4B,ENSMUSG00000036752,Tubb4b,0,0,0,0,1,1,1
6,ENSG00000120075,HOXB5,ENSMUSG00000038700,Hoxb5,0,0,0,0,1,0,0
7,ENSG00000101224,CDC25B,ENSMUSG00000027330,Cdc25b,0,0,0,0,0,1,0
8,ENSG00000101955,SRPX,ENSMUSG00000090084,Srpx,0,0,0,0,0,0,1
9,ENSG00000119969,HELLS,ENSMUSG00000025001,Hells,0,0,0,1,1,0,0
10,ENSG00000125901,MRPS26,ENSMUSG00000037740,Mrps26,0,0,0,1,0,0,0
11,ENSG00000149809,TM7SF2,ENSMUSG00000024799,Tm7sf2,0,1,0,0,0,0,0
12,ENSG00000179958,DCTPP1,ENSMUSG00000042462,Dctpp1,0,0,0,1,1,0,0
13,ENSG00000184220,CMSS1,ENSMUSG00000022748,Cmss1,0,0,0,0,1,1,0
14,ENSG00000060688,SNRNP40,ENSMUSG00000074088,Snrnp40,0,0,0,0,1,0,0
15,ENSG00000096746,HNRNPH3,ENSMUSG00000020069,Hnrnph3,0,0,0,0,0,1,1
16,ENSG00000171320,ESCO2,ENSMUSG00000022034,Esco2,0,0,0,1,1,1,0
17,ENSG00000168393,DTYMK,ENSMUSG00000026281,Dtymk,0,0,0,0,1,1,1
18,ENSG00000136982,DSCC1,ENSMUSG00000022422,Dscc1,0,0,0,0,1,0,0
19,ENSG00000166451,CENPN,ENSMUSG00000031756,Cenpn,0,0,0,0,1,1,1
20,ENSG00000138495,COX17,ENSMUSG00000046516,Cox17,0,0,0,0,1,1,0
21,ENSG00000127337,YEATS4,ENSMUSG00000020171,Yeats4,0,0,0,1,1,0,0
22,ENSG00000050393,MCUR1,ENSMUSG00000021371,Mcur1,0,0,0,0,1,0,0
23,ENSG00000144381,HSPD1,ENSMUSG00000025980,Hspd1,0,0,0,1,1,0,1
24,ENSG00000053371,AKR7A2,missing2,missing2,0,0,0,0,1,0,0
25,ENSG00000117632,STMN1,ENSMUSG00000028832,Stmn1,0,0,0,0,1,1,1
26,ENSG00000142856,ITGB3BP,ENSMUSG00000028549,Itgb3bp,0,0,0,0,1,1,0
27,ENSG00000222041,CYTOR,missing3,missing3,0,0,0,0,0,0,0
28,ENSG00000114346,ECT2,ENSMUSG00000027699,Ect2,0,0,0,0,1,1,0
29,ENSG00000121644,DESI2,ENSMUSG00000026502,Desi2,0,0,0,0,0,1,0
30,ENSG00000173207,CKS1B,ENSMUSG00000028044,Cks1b,0,0,0,0,1,1,0
31,ENSG00000100941,PNN,ENSMUSG00000020994,Pnn,0,0,0,1,0,0,0
32,ENSG00000172336,POP7,ENSMUSG00000029715,Pop7,0,0,0,1,1,0,0
33,ENSG00000101084,RAB5IF,ENSMUSG00000027637,Rab5if,0,0,0,0,0,0,0
34,ENSG00000171792,RHNO1,ENSMUSG00000048668,Rhno1,0,0,0,0,1,1,0
35,ENSG00000115816,CEBPZ,ENSMUSG00000024081,Cebpz,0,0,0,1,0,0,0
36,ENSG00000171476,HOPX,ENSMUSG00000059325,Hopx,1,0,0,0,0,0,0
37,ENSG00000137310,TCF19,ENSMUSG00000050410,Tcf19,0,0,0,0,1,0,0
38,ENSG00000108468,CBX1,ENSMUSG00000018666,Cbx1,0,0,0,0,0,1,0
39,ENSG00000128708,HAT1,ENSMUSG00000027018,Hat1,0,0,0,1,1,0,0
40,ENSG00000008952,SEC62,ENSMUSG00000027706,Sec62,1,0,0,0,0,0,0
41,ENSG00000095002,MSH2,ENSMUSG00000024151,Msh2,0,0,0,1,0,0,0
42,ENSG00000164109,MAD2L1,ENSMUSG00000029910,Mad2l1,0,0,0,1,1,1,0
43,ENSG00000135617,PRADC1,ENSMUSG00000030008,Pradc1,0,0,0,0,1,0,0
44,ENSG00000029993,HMGB3,missing4,missing4,0,0,0,0,0,1,0
45,ENSG00000144034,TPRKB,ENSMUSG00000054226,Tprkb,0,0,0,0,0,1,0
46,ENSG00000109971,HSPA8,ENSMUSG00000015656,Hspa8,0,0,0,1,1,0,0
47,ENSG00000144848,ATG3,ENSMUSG00000022663,Atg3,0,0,0,0,1,0,0
48,ENSG00000198189,HSD17B11,ENSMUSG00000029311,Hsd17b11,0,0,0,0,0,1,0
49,ENSG00000171848,RRM2,ENSMUSG00000020649,Rrm2,0,0,0,1,1,1,0
50,ENSG00000204308,RNF5,ENSMUSG00000015478,Rnf5,0,0,0,0,0,1,0
51,ENSG00000167513,CDT1,ENSMUSG00000006585,Cdt1,0,0,0,0,1,0,0
52,ENSG00000167552,TUBA1A,ENSMUSG00000072235,Tuba1a,1,0,0,0,0,0,0
53,ENSG00000137776,SLTM,ENSMUSG00000032212,Sltm,0,0,0,0,0,1,0
54,ENSG00000165501,LRR1,ENSMUSG00000034883,Lrr1,0,0,0,0,1,1,0
55,ENSG00000148834,GSTO1,ENSMUSG00000025068,Gsto1,0,0,0,0,0,1,0
56,ENSG00000108106,UBE2S,ENSMUSG00000060860,Ube2s,0,0,0,0,1,1,0
57,ENSG00000092758,COL9A3,missing5,missing5,1,0,0,0,0,0,0
58,ENSG00000175606,TMEM70,ENSMUSG00000025940,Tmem70,0,0,0,1,0,0,0
59,ENSG00000130826,DKC1,ENSMUSG00000031403,Dkc1,0,0,0,1,0,0,0
60,ENSG00000134690,CDCA8,ENSMUSG00000028873,Cdca8,0,0,0,0,0,1,0
61,ENSG00000109519,GRPEL1,ENSMUSG00000029198,Grpel1,0,0,1,0,0,0,0
62,ENSG00000183691,NOG,ENSMUSG00000048616,Nog,0,0,0,0,1,0,0
63,ENSG00000117724,CENPF,ENSMUSG00000026605,Cenpf,0,0,0,0,1,1,0
64,ENSG00000152795,HNRNPDL,ENSMUSG00000029328,Hnrnpdl,0,0,0,0,1,1,0
65,ENSG00000154556,SORBS2,ENSMUSG00000031626,Sorbs2,0,0,1,0,0,0,0
66,ENSG00000182628,SKA2,ENSMUSG00000020492,Ska2,0,0,0,0,0,1,0
67,ENSG00000137100,DCTN3,ENSMUSG00000028447,Dctn3,0,0,0,0,0,1,0
68,ENSG00000143621,ILF2,ENSMUSG00000001016,Ilf2,0,0,0,0,0,1,1
69,ENSG00000076003,MCM6,ENSMUSG00000026355,Mcm6,0,0,0,1,0,0,0
70,ENSG00000123975,CKS2,ENSMUSG00000062248,Cks2,0,0,0,0,1,1,0
71,ENSG00000141552,ANAPC11,ENSMUSG00000025135,Anapc11,0,0,0,0,0,1,0
72,ENSG00000146670,CDCA5,ENSMUSG00000024791,Cdca5,0,0,0,0,1,0,0
73,ENSG00000113732,ATP6V0E1,ENSMUSG00000015575,Atp6v0e,1,0,0,0,0,0,0
74,ENSG00000139350,NEDD1,ENSMUSG00000019988,Nedd1,0,0,0,0,1,0,0
75,ENSG00000170779,CDCA4,ENSMUSG00000047832,Cdca4,0,0,0,1,1,0,0
76,ENSG00000066583,ISOC1,ENSMUSG00000024601,Isoc1,0,0,0,0,1,0,0
77,ENSG00000182481,KPNA2,ENSMUSG00000066878,Gm10184,0,0,0,0,1,1,0
78,ENSG00000133872,SARAF,ENSMUSG00000031532,Saraf,0,0,0,0,0,0,0
79,ENSG00000072571,HMMR,ENSMUSG00000020330,Hmmr,0,0,0,0,0,1,0
80,ENSG00000165948,IFI27L1,missing6,missing6,0,0,0,0,1,0,0
81,ENSG00000196531,NACA,ENSMUSG00000061315,Naca,0,0,0,0,0,0,1
82,ENSG00000204392,LSM2,ENSMUSG00000007050,Lsm2,0,0,0,1,1,0,0
83,ENSG00000143545,RAB13,ENSMUSG00000027935,Rab13,1,0,0,0,0,0,0
84,ENSG00000048649,RSF1,ENSMUSG00000035623,Rsf1,1,0,0,0,0,0,0
85,ENSG00000138801,PAPSS1,ENSMUSG00000028032,Papss1,1,0,0,0,0,0,0
86,ENSG00000117399,CDC20,ENSMUSG00000006398,Cdc20,0,0,0,0,0,1,0
87,ENSG00000123219,CENPK,ENSMUSG00000021714,Cenpk,0,0,0,1,1,1,0
88,ENSG00000104408,EIF3E,ENSMUSG00000022336,Eif3e,1,0,0,0,0,0,0
89,ENSG00000132661,NXT1,ENSMUSG00000036992,Nxt1,0,0,0,1,1,0,0
90,ENSG00000114405,C3orf14,ENSMUSG00000033111,3830406C13Rik,0,0,0,0,1,0,0
91,ENSG00000120053,GOT1,ENSMUSG00000025190,Got1,0,0,0,0,0,1,0
92,ENSG00000089280,FUS,ENSMUSG00000030795,Fus,0,0,0,0,1,0,0
93,ENSG00000115758,ODC1,ENSMUSG00000011179,Odc1,0,0,0,0,0,1,0
94,ENSG00000121621,KIF18A,ENSMUSG00000027115,Kif18a,0,0,0,0,0,1,0
95,ENSG00000052802,MSMO1,ENSMUSG00000031604,Msmo1,0,0,1,0,0,0,0
96,ENSG00000123080,CDKN2C,ENSMUSG00000028551,Cdkn2c,0,0,0,0,1,1,0
97,ENSG00000091436,MAP3K20,ENSMUSG00000004085,Map3k20,0,0,0,0,0,0,0
98,ENSG00000177311,ZBTB38,ENSMUSG00000040433,Zbtb38,0,0,0,0,1,0,0
99,ENSG00000130520,LSM4,ENSMUSG00000031848,Lsm4,0,0,0,0,1,1,1
100,ENSG00000172301,COPRS,ENSMUSG00000031458,Coprs,0,0,0,0,1,0,0
101,ENSG00000117318,ID3,ENSMUSG00000007872,Id3,1,0,0,0,0,0,0
102,ENSG00000167543,TP53I13,ENSMUSG00000044328,Trp53i13,0,0,0,0,1,0,0
103,ENSG00000163069,SGCB,ENSMUSG00000029156,Sgcb,1,0,0,0,0,0,0
104,ENSG00000197771,MCMBP,ENSMUSG00000048170,Mcmbp,0,0,0,1,0,0,0
105,ENSG00000151466,SCLT1,ENSMUSG00000059834,Sclt1,0,0,0,0,0,1,0
106,ENSG00000169756,LIMS1,missing7,missing7,0,0,0,1,0,0,0
107,ENSG00000131462,TUBG1,ENSMUSG00000035198,Tubg1,0,0,0,0,1,1,0
108,ENSG00000167614,TTYH1,ENSMUSG00000030428,Ttyh1,1,0,0,0,0,0,0
109,ENSG00000123560,PLP1,ENSMUSG00000031425,Plp1,1,0,0,0,0,0,0
110,ENSG00000176894,PXMP2,ENSMUSG00000029499,Pxmp2,0,0,0,0,1,0,0
111,ENSG00000185567,AHNAK2,ENSMUSG00000118667,Ahnak2,0,1,0,0,0,0,0
112,ENSG00000106366,SERPINE1,ENSMUSG00000037411,Serpine1,0,0,1,0,0,0,0
113,ENSG00000124766,SOX4,ENSMUSG00000076431,Sox4,1,0,0,0,0,0,0
114,ENSG00000145386,CCNA2,ENSMUSG00000027715,Ccna2,0,0,0,0,1,1,0
115,ENSG00000095380,NANS,ENSMUSG00000028334,Nans,0,0,0,0,1,0,0
116,ENSG00000175334,BANF1,ENSMUSG00000024844,Banf1,0,0,0,0,0,1,0
117,ENSG00000225783,MIAT,missing8,missing8,0,1,0,0,0,0,0
118,ENSG00000110841,PPFIBP1,ENSMUSG00000016487,Ppfibp1,0,0,0,0,1,0,0
119,ENSG00000137880,GCHFR,ENSMUSG00000046814,Gchfr,0,0,0,0,0,0,1
120,ENSG00000100401,RANGAP1,ENSMUSG00000022391,Rangap1,0,0,0,0,0,1,0
121,ENSG00000057019,DCBLD2,ENSMUSG00000035107,Dcbld2,0,0,0,0,1,1,0
122,ENSG00000106617,PRKAG2,ENSMUSG00000028944,Prkag2,0,0,1,0,0,0,0
123,ENSG00000137309,HMGA1,ENSMUSG00000046711,Hmga1,0,0,0,0,1,1,1
124,ENSG00000116667,C1orf21,ENSMUSG00000032666,1700025G04Rik,1,0,0,0,0,0,0
125,ENSG00000167775,CD320,ENSMUSG00000002308,Cd320,0,0,0,0,1,0,0
126,ENSG00000123485,HJURP,ENSMUSG00000044783,Hjurp,0,0,0,0,1,1,0
127,ENSG00000141682,PMAIP1,ENSMUSG00000024521,Pmaip1,0,0,0,0,1,0,0
128,ENSG00000160307,S100B,ENSMUSG00000033208,S100b,1,0,0,0,0,0,0
129,ENSG00000105323,HNRNPUL1,ENSMUSG00000040725,Hnrnpul1,0,0,0,0,1,0,0
130,ENSG00000133639,BTG1,ENSMUSG00000036478,Btg1,1,1,0,0,0,0,0
131,ENSG00000151725,CENPU,ENSMUSG00000031629,Cenpu,0,0,0,1,1,1,0
132,ENSG00000204356,NELFE,ENSMUSG00000024369,Nelfe,0,0,0,0,1,0,0
133,ENSG00000122566,HNRNPA2B1,ENSMUSG00000004980,Hnrnpa2b1,0,0,0,0,0,1,1
134,ENSG00000148677,ANKRD1,ENSMUSG00000024803,Ankrd1,0,0,1,0,0,0,0
135,ENSG00000079462,PAFAH1B3,ENSMUSG00000005447,Pafah1b3,0,0,0,0,1,0,0
136,ENSG00000143933,CALM2,ENSMUSG00000036438,Calm2,0,0,0,0,1,1,0
137,ENSG00000105173,CCNE1,ENSMUSG00000002068,Ccne1,0,0,0,1,0,0,0
138,ENSG00000185950,IRS2,ENSMUSG00000038894,Irs2,0,0,1,0,0,0,0
139,ENSG00000163923,RPL39L,missing9,missing9,0,0,0,0,1,1,0
140,ENSG00000128050,PAICS,ENSMUSG00000029247,Paics,0,0,0,1,1,0,0
141,ENSG00000069275,NUCKS1,ENSMUSG00000026434,Nucks1,0,0,0,0,1,1,1
142,ENSG00000123737,EXOSC9,ENSMUSG00000027714,Exosc9,0,0,0,1,0,0,0
143,ENSG00000035499,DEPDC1B,ENSMUSG00000021697,Depdc1b,0,0,0,0,0,1,0
144,ENSG00000102760,RGCC,ENSMUSG00000022018,Rgcc,0,0,0,0,0,0,1
145,ENSG00000139734,DIAPH3,ENSMUSG00000022021,Diaph3,0,0,0,0,1,1,0
146,ENSG00000103275,UBE2I,ENSMUSG00000015120,Ube2i,0,0,0,0,1,0,0
147,ENSG00000115392,FANCL,ENSMUSG00000004018,Fancl,0,0,0,1,0,0,0
148,ENSG00000054148,PHPT1,ENSMUSG00000036504,Phpt1,1,0,0,0,0,0,0
149,ENSG00000118523,CCN2,ENSMUSG00000019997,Ccn2,0,0,0,0,0,0,0
150,ENSG00000188643,S100A16,ENSMUSG00000074457,S100a16,0,0,0,0,0,1,1
151,ENSG00000115363,EVA1A,ENSMUSG00000035104,Eva1a,0,0,0,0,0,1,0
152,ENSG00000187840,EIF4EBP1,ENSMUSG00000031490,Eif4ebp1,0,0,0,1,1,0,0
153,ENSG00000253729,PRKDC,ENSMUSG00000022672,Prkdc,0,0,0,1,1,0,0
154,ENSG00000131507,NDFIP1,ENSMUSG00000024425,Ndfip1,1,0,0,0,0,0,0
155,ENSG00000249992,TMEM158,ENSMUSG00000054871,Tmem158,0,0,0,0,1,0,0
156,ENSG00000127445,PIN1,ENSMUSG00000074997,Pin1rt1,0,0,0,0,1,0,0
157,ENSG00000167508,MVD,ENSMUSG00000006517,Mvd,0,0,0,1,0,0,0
158,ENSG00000070081,NUCB2,ENSMUSG00000030659,Nucb2,0,0,0,0,1,0,0
159,ENSG00000080986,NDC80,ENSMUSG00000024056,Ndc80,0,0,0,0,1,1,0
160,ENSG00000183722,LHFPL6,ENSMUSG00000048332,Lhfp,0,0,0,0,0,0,0
161,ENSG00000177606,JUN,ENSMUSG00000052684,Jun,0,0,0,0,1,0,0
162,ENSG00000064961,HMG20B,ENSMUSG00000020232,Hmg20b,0,0,0,0,0,1,0
163,ENSG00000112972,HMGCS1,ENSMUSG00000093930,Hmgcs1,0,0,1,0,0,0,0
164,ENSG00000136108,CKAP2,ENSMUSG00000037725,Ckap2,0,0,0,0,1,1,0
165,ENSG00000156802,ATAD2,missing10,missing10,0,0,0,1,1,0,0
166,ENSG00000152952,PLOD2,ENSMUSG00000032374,Plod2,1,0,0,0,0,0,0
167,ENSG00000196754,S100A2,ENSMUSG00000094018,S100a2,0,0,0,0,1,0,0
168,ENSG00000163002,NUP35,ENSMUSG00000026999,Nup35,0,0,0,0,0,1,0
169,ENSG00000011426,ANLN,ENSMUSG00000036777,Anln,0,0,0,0,1,1,0
170,ENSG00000128944,KNSTRN,ENSMUSG00000027331,Knstrn,0,0,0,0,0,1,0
171,ENSG00000143228,NUF2,ENSMUSG00000026683,Nuf2,0,0,0,0,1,1,0
172,ENSG00000189159,JPT1,ENSMUSG00000020737,Jpt1,0,0,0,0,0,0,0
173,ENSG00000128294,TPST2,ENSMUSG00000029344,Tpst2,0,1,0,0,0,0,0
174,ENSG00000112081,SRSF3,ENSMUSG00000071172,Srsf3,0,0,0,0,1,1,0
175,ENSG00000204542,C6orf15,ENSMUSG00000039269,2300002M23Rik,0,1,0,0,0,0,0
176,ENSG00000110492,MDK,ENSMUSG00000027239,Mdk,1,0,0,0,0,0,0
177,ENSG00000134809,TIMM10,ENSMUSG00000027076,Timm10,0,0,0,0,1,1,0
178,ENSG00000108830,RND2,ENSMUSG00000001313,Rnd2,1,0,0,0,0,0,0
179,ENSG00000099860,GADD45B,ENSMUSG00000015312,Gadd45b,0,0,1,0,0,0,0
180,ENSG00000156265,MAP3K7CL,missing11,missing11,0,1,0,0,0,0,0
181,ENSG00000111665,CDCA3,ENSMUSG00000023505,Cdca3,0,0,0,0,1,1,0
182,ENSG00000101335,MYL9,ENSMUSG00000067818,Myl9,0,1,0,1,0,0,0
183,ENSG00000117450,PRDX1,ENSMUSG00000028691,Prdx1,1,0,0,0,0,0,0
184,ENSG00000142864,SERBP1,ENSMUSG00000036371,Serbp1,0,0,0,0,1,0,0
185,ENSG00000147874,HAUS6,ENSMUSG00000038047,Haus6,0,0,0,0,1,0,0
186,ENSG00000111206,FOXM1,ENSMUSG00000001517,Foxm1,0,0,0,0,0,1,0
187,ENSG00000124762,CDKN1A,ENSMUSG00000023067,Cdkn1a,0,0,0,0,1,0,0
188,ENSG00000152082,MZT2B,ENSMUSG00000022671,Mzt2,0,0,0,0,1,1,1
189,ENSG00000156136,DCK,ENSMUSG00000029366,Dck,0,0,0,0,1,0,0
190,ENSG00000138778,CENPE,ENSMUSG00000045328,Cenpe,0,0,0,0,1,1,0
191,ENSG00000196923,PDLIM7,ENSMUSG00000021493,Pdlim7,0,1,0,0,0,0,0
192,ENSG00000140416,TPM1,ENSMUSG00000032366,Tpm1,0,0,1,1,0,0,0
193,ENSG00000144746,ARL6IP5,ENSMUSG00000035199,Arl6ip5,1,0,0,0,0,0,0
194,ENSG00000213853,EMP2,ENSMUSG00000022505,Emp2,0,0,0,0,1,0,0
195,ENSG00000137331,IER3,ENSMUSG00000003541,Ier3,0,0,1,0,0,0,0
196,ENSG00000183011,NAA38,ENSMUSG00000059278,Naa38,0,0,0,0,0,1,0
197,ENSG00000149636,DSN1,ENSMUSG00000027635,Dsn1,0,0,0,0,1,0,0
198,ENSG00000183207,RUVBL2,ENSMUSG00000003868,Ruvbl2,0,0,0,0,0,1,0
199,ENSG00000160298,C21orf58,ENSMUSG00000009114,2610028H24Rik,0,0,0,0,0,1,0
200,ENSG00000178035,IMPDH2,ENSMUSG00000062867,Impdh2,0,0,0,1,0,0,0
201,ENSG00000158402,CDC25C,ENSMUSG00000044201,Cdc25c,0,0,0,0,0,1,0
202,ENSG00000167978,SRRM2,ENSMUSG00000039218,Srrm2,0,0,0,0,1,0,0
203,ENSG00000159147,DONSON,ENSMUSG00000022960,Donson,0,0,0,1,1,0,0
204,ENSG00000162385,MAGOH,ENSMUSG00000028609,Magoh,0,0,0,0,1,0,0
205,ENSG00000183955,KMT5A,ENSMUSG00000049327,Kmt5a,0,0,0,0,0,0,0
206,ENSG00000136104,RNASEH2B,ENSMUSG00000021932,Rnaseh2b,0,0,0,1,1,0,0
207,ENSG00000089685,BIRC5,ENSMUSG00000017716,Birc5,0,0,0,0,1,1,1
208,ENSG00000101439,CST3,ENSMUSG00000033156,Cst10,1,0,0,0,0,0,0
209,ENSG00000138182,KIF20B,ENSMUSG00000024795,Kif20b,0,0,0,0,1,1,0
210,ENSG00000148335,NTMT1,ENSMUSG00000026857,Ntmt1,0,0,0,0,1,0,0
211,ENSG00000120802,TMPO,missing12,missing12,0,0,0,1,1,1,0
212,ENSG00000163584,RPL22L1,ENSMUSG00000039221,Rpl22l1,0,0,0,1,1,0,0
213,ENSG00000131747,TOP2A,ENSMUSG00000020914,Top2a,0,0,0,0,1,1,0
214,ENSG00000136950,ARPC5L,ENSMUSG00000026755,Arpc5l,0,0,0,0,1,0,0
215,ENSG00000115163,CENPA,ENSMUSG00000029177,Cenpa,0,0,0,0,1,1,0
216,ENSG00000120699,EXOSC8,ENSMUSG00000027752,Exosc8,0,0,0,1,1,1,0
217,ENSG00000093009,CDC45,ENSMUSG00000000028,Cdc45,0,0,0,1,1,0,0
218,ENSG00000104763,ASAH1,ENSMUSG00000031591,Asah1,1,0,0,0,0,0,0
219,ENSG00000113368,LMNB1,ENSMUSG00000024590,Lmnb1,0,0,0,1,1,1,0
220,ENSG00000149948,HMGA2,ENSMUSG00000056758,Hmga2,0,0,0,0,1,0,0
221,ENSG00000154640,BTG3,ENSMUSG00000022863,Btg3,0,0,0,1,1,0,0
222,ENSG00000185088,RPS27L,ENSMUSG00000036781,Rps27l,1,0,0,0,0,0,0
223,ENSG00000129810,SGO1,ENSMUSG00000023940,Sgo1,0,0,0,0,0,0,0
224,ENSG00000196290,NIF3L1,ENSMUSG00000026036,Nif3l1,0,0,0,0,0,1,0
225,ENSG00000082996,RNF13,ENSMUSG00000036503,Rnf13,1,0,0,0,0,0,0
226,ENSG00000152944,MED21,ENSMUSG00000030291,Med21,0,0,0,0,0,1,0
227,ENSG00000011422,PLAUR,ENSMUSG00000046223,Plaur,0,0,0,0,1,0,0
228,ENSG00000112110,MRPL18,ENSMUSG00000057388,Mrpl18,0,0,0,0,1,0,0
229,ENSG00000145632,PLK2,ENSMUSG00000021701,Plk2,0,0,1,0,0,0,0
230,ENSG00000206503,HLA-A,missing13,missing13,1,0,0,0,0,0,0
231,ENSG00000118939,UCHL3,ENSMUSG00000035337,Uchl4,0,0,0,0,1,0,0
232,ENSG00000067064,IDI1,ENSMUSG00000058258,Idi1,0,0,1,0,0,0,0
233,ENSG00000149483,TMEM138,ENSMUSG00000024666,Tmem138,0,0,0,0,0,1,0
234,ENSG00000106236,NPTX2,ENSMUSG00000059991,Nptx2,0,0,0,0,0,1,0
235,ENSG00000257727,CNPY2,ENSMUSG00000025381,Cnpy2,1,0,0,0,0,0,0
236,ENSG00000132475,H3-3B,missing14,missing14,0,0,0,0,0,0,0
237,ENSG00000174442,ZWILCH,ENSMUSG00000032400,Zwilch,0,0,0,0,1,1,0
238,ENSG00000012048,BRCA1,ENSMUSG00000017146,Brca1,0,0,0,1,1,0,0
239,ENSG00000176208,ATAD5,ENSMUSG00000017550,Atad5,0,0,0,0,1,0,0
240,ENSG00000130816,DNMT1,ENSMUSG00000004099,Dnmt1,0,0,0,1,1,0,0
241,ENSG00000135486,HNRNPA1,ENSMUSG00000046434,Hnrnpa1,0,0,0,0,0,1,1
242,ENSG00000166598,HSP90B1,ENSMUSG00000020048,Hsp90b1,0,0,0,0,0,0,1
243,ENSG00000161800,RACGAP1,ENSMUSG00000023015,Racgap1,0,0,0,0,0,1,0
244,ENSG00000142089,IFITM3,ENSMUSG00000025491,Ifitm1,1,0,0,0,0,0,0
245,ENSG00000147509,RGS20,ENSMUSG00000002459,Rgs20,0,0,0,0,1,1,1
246,ENSG00000006634,DBF4,ENSMUSG00000002297,Dbf4,0,0,0,0,1,1,0
247,ENSG00000115461,IGFBP5,ENSMUSG00000026185,Igfbp5,0,1,0,0,0,0,0
248,ENSG00000164056,SPRY1,ENSMUSG00000037211,Spry1,1,0,0,0,0,0,0
249,ENSG00000145284,SCD5,missing15,missing15,1,0,0,0,0,0,0
250,ENSG00000088325,TPX2,ENSMUSG00000027469,Tpx2,0,0,0,0,1,1,0
251,ENSG00000111231,GPN3,ENSMUSG00000029464,Gpn3,0,0,0,0,1,0,0
252,ENSG00000165704,HPRT1,ENSMUSG00000025630,Hprt,0,0,0,1,1,0,0
253,ENSG00000113580,NR3C1,ENSMUSG00000024431,Nr3c1,0,0,1,0,0,0,0
254,ENSG00000102409,BEX4,ENSMUSG00000047844,Bex4,1,0,0,0,0,0,0
255,ENSG00000006327,TNFRSF12A,missing16,missing16,0,0,1,0,1,0,0
256,ENSG00000153551,CMTM7,ENSMUSG00000032436,Cmtm7,0,1,0,0,0,0,0
257,ENSG00000124795,DEK,ENSMUSG00000021377,Dek,0,0,0,1,1,1,0
258,ENSG00000182054,IDH2,ENSMUSG00000030541,Idh2,0,0,0,1,1,0,0
259,ENSG00000125148,MT2A,missing17,missing17,0,0,0,0,0,1,0
260,ENSG00000106603,COA1,missing18,missing18,0,0,0,0,1,0,0
261,ENSG00000000003,TSPAN6,ENSMUSG00000067377,Tspan6,1,0,0,0,0,0,0
262,ENSG00000158417,EIF5B,ENSMUSG00000026083,Eif5b,0,0,0,1,0,0,0
263,ENSG00000101057,MYBL2,ENSMUSG00000017861,Mybl2,0,0,0,0,1,0,0
264,ENSG00000101596,SMCHD1,ENSMUSG00000024054,Smchd1,0,0,0,1,1,0,0
265,ENSG00000114784,EIF1B,ENSMUSG00000006941,Eif1b,1,0,0,0,0,0,0
266,ENSG00000126787,DLGAP5,ENSMUSG00000037544,Dlgap5,0,0,0,0,0,1,0
267,ENSG00000140365,COMMD4,ENSMUSG00000032299,Commd4,0,0,0,0,1,0,0
268,ENSG00000160201,U2AF1,ENSMUSG00000061613,U2af1,0,0,0,1,1,0,0
269,ENSG00000143815,LBR,ENSMUSG00000004880,Lbr,0,0,0,0,0,1,0
270,ENSG00000143771,CNIH4,ENSMUSG00000062169,Cnih4,0,0,0,0,0,1,0
271,ENSG00000149591,TAGLN,ENSMUSG00000032085,Tagln,0,1,0,0,0,0,0
272,ENSG00000102172,SMS,ENSMUSG00000071708,Sms,0,0,0,0,0,0,1
273,ENSG00000084463,WBP11,missing19,missing19,0,0,0,0,0,1,0
274,ENSG00000092820,EZR,ENSMUSG00000052397,Ezr,0,0,0,0,0,1,0
275,ENSG00000105185,PDCD5,ENSMUSG00000030417,Pdcd5,0,0,0,1,1,0,0
276,ENSG00000138180,CEP55,ENSMUSG00000024989,Cep55,0,0,0,0,1,1,0
277,ENSG00000095739,BAMBI,ENSMUSG00000024232,Bambi,1,0,0,0,0,0,0
278,ENSG00000102007,PLP2,ENSMUSG00000057762,Gm6169,0,0,0,1,1,0,0
279,ENSG00000166681,BEX3,ENSMUSG00000046432,Bex3,0,0,0,0,0,0,0
280,ENSG00000198176,TFDP1,ENSMUSG00000038482,Tfdp1,0,0,0,1,1,0,0
281,ENSG00000140157,NIPA2,ENSMUSG00000030452,Nipa2,0,0,0,0,1,0,0
282,ENSG00000162607,USP1,ENSMUSG00000028560,Usp1,0,0,0,1,1,0,0
283,ENSG00000136938,ANP32B,ENSMUSG00000028333,Anp32b,0,0,0,1,1,0,0
284,ENSG00000134291,TMEM106C,ENSMUSG00000052369,Tmem106c,0,0,0,0,1,1,0
285,ENSG00000103540,CCP110,ENSMUSG00000033904,Ccp110,0,0,0,0,1,0,0
286,ENSG00000143549,TPM3,ENSMUSG00000058126,Tpm3-rs7,0,0,0,0,1,0,0
287,ENSG00000116120,FARSB,ENSMUSG00000026245,Farsb,0,0,0,0,1,0,0
288,ENSG00000135441,BLOC1S1,ENSMUSG00000090247,Bloc1s1,1,0,0,0,0,0,0
289,ENSG00000019582,CD74,ENSMUSG00000024610,Cd74,1,0,0,0,0,0,0
290,ENSG00000078401,EDN1,ENSMUSG00000021367,Edn1,0,0,1,0,0,0,0
291,ENSG00000112742,TTK,ENSMUSG00000038379,Ttk,0,0,0,0,0,1,0
292,ENSG00000240065,PSMB9,ENSMUSG00000096727,Psmb9,0,0,0,0,1,0,0
293,ENSG00000114115,RBP1,ENSMUSG00000046402,Rbp1,1,0,0,0,0,0,0
294,ENSG00000251562,MALAT1,missing20,missing20,1,1,0,0,0,0,0
295,ENSG00000173674,EIF1AX,ENSMUSG00000095717,Eif1ad11,0,0,0,1,1,0,0
296,ENSG00000137210,TMEM14B,missing21,missing21,0,0,0,0,0,0,1
297,ENSG00000078668,VDAC3,ENSMUSG00000008892,Vdac3,0,0,0,0,0,1,0
298,ENSG00000168298,H1-4,ENSMUSG00000051627,H1f4,0,0,0,0,0,0,0
299,ENSG00000112983,BRD8,ENSMUSG00000003778,Brd8,0,0,0,0,0,1,0
300,ENSG00000075188,NUP37,ENSMUSG00000035351,Nup37,0,0,0,0,0,1,0
301,ENSG00000113810,SMC4,ENSMUSG00000034349,Smc4,0,0,0,0,1,1,0
302,ENSG00000087086,FTL,ENSMUSG00000062382,Ftl1-ps1,1,0,0,0,0,0,0
303,ENSG00000168476,REEP4,ENSMUSG00000033589,Reep4,0,0,0,0,0,1,0
304,ENSG00000106278,PTPRZ1,ENSMUSG00000068748,Ptprz1,1,0,0,0,0,0,0
305,ENSG00000113456,RAD1,ENSMUSG00000022248,Rad1,0,0,0,1,1,0,0
306,ENSG00000100297,MCM5,ENSMUSG00000005410,Mcm5,0,0,0,1,0,0,0
307,ENSG00000162614,NEXN,ENSMUSG00000039103,Nexn,0,0,1,0,0,0,0
308,ENSG00000131016,AKAP12,ENSMUSG00000038587,Akap12,0,0,0,1,1,0,0
309,ENSG00000075131,TIPIN,ENSMUSG00000032397,Tipin,0,0,0,1,0,0,0
310,ENSG00000101361,NOP56,ENSMUSG00000027405,Nop56,0,0,0,1,1,0,0
311,ENSG00000078674,PCM1,ENSMUSG00000031592,Pcm1,0,0,0,0,0,1,0
312,ENSG00000150991,UBC,ENSMUSG00000008348,Ubc,0,0,0,0,1,0,0
313,ENSG00000134001,EIF2S1,ENSMUSG00000021116,Eif2s1,0,0,0,1,1,0,0
314,ENSG00000111445,RFC5,ENSMUSG00000029363,Rfc5,0,0,0,1,1,0,0
315,ENSG00000115306,SPTBN1,ENSMUSG00000020315,Sptbn1,0,0,0,0,0,1,0
316,ENSG00000136997,MYC,ENSMUSG00000022346,Myc,0,0,1,0,0,0,0
317,ENSG00000122861,PLAU,ENSMUSG00000021822,Plau,0,0,1,0,1,0,0
318,ENSG00000185480,PARPBP,ENSMUSG00000035365,Parpbp,0,0,0,0,0,1,0
319,ENSG00000169607,CKAP2L,ENSMUSG00000048327,Ckap2l,0,0,0,0,1,1,0
320,ENSG00000163507,CIP2A,ENSMUSG00000033031,Cip2a,0,0,0,0,0,0,0
321,ENSG00000150625,GPM6A,ENSMUSG00000031517,Gpm6a,1,0,0,0,0,0,0
322,ENSG00000051596,THOC3,ENSMUSG00000025872,Thoc3,0,0,0,0,1,0,0
323,ENSG00000148484,RSU1,ENSMUSG00000026727,Rsu1,0,1,0,0,0,0,0
324,ENSG00000108528,SLC25A11,ENSMUSG00000014606,Slc25a11,0,0,0,0,1,0,0
325,ENSG00000076248,UNG,ENSMUSG00000029591,Ung,0,0,0,1,0,0,0
326,ENSG00000139921,TMX1,ENSMUSG00000021072,Tmx1,0,0,0,1,0,0,0
327,ENSG00000092199,HNRNPC,ENSMUSG00000060373,Hnrnpc,0,0,0,0,0,0,1
328,ENSG00000131470,PSMC3IP,ENSMUSG00000019303,Psmc3ip,0,0,0,1,1,0,0
329,ENSG00000118257,NRP2,ENSMUSG00000025969,Nrp2,0,0,0,0,1,0,0
330,ENSG00000114942,EEF1B2,ENSMUSG00000025967,Eef1b2,0,0,0,0,1,0,0
331,ENSG00000175130,MARCKSL1,ENSMUSG00000047945,Marcksl1,1,0,0,0,0,0,0
332,ENSG00000075790,BCAP29,ENSMUSG00000020650,Bcap29,0,0,0,0,1,0,0
333,ENSG00000162910,MRPL55,ENSMUSG00000036860,Mrpl55,0,0,0,0,1,0,0
334,ENSG00000095752,IL11,ENSMUSG00000004371,Il11,0,0,0,0,1,0,0
335,ENSG00000122786,CALD1,ENSMUSG00000029761,Cald1,0,0,1,1,0,0,0
336,ENSG00000092531,SNAP23,ENSMUSG00000027287,Snap23,0,0,0,0,0,1,0
337,ENSG00000162063,CCNF,ENSMUSG00000072082,Ccnf,0,0,0,0,0,1,0
338,ENSG00000057757,PITHD1,ENSMUSG00000028669,Pithd1,0,0,0,0,1,0,0
339,ENSG00000132646,PCNA,ENSMUSG00000027342,Pcna,0,0,0,1,1,0,0
340,ENSG00000100097,LGALS1,ENSMUSG00000068220,Lgals1,0,0,0,0,0,0,1
341,ENSG00000122483,CCDC18,ENSMUSG00000056531,Ccdc18,0,0,0,0,0,1,0
342,ENSG00000135318,NT5E,ENSMUSG00000032420,Nt5e,0,0,0,0,1,0,0
343,ENSG00000167325,RRM1,ENSMUSG00000030978,Rrm1,0,0,0,1,1,0,0
344,ENSG00000124588,NQO2,ENSMUSG00000046949,Nqo2,0,0,0,1,1,0,0
345,ENSG00000167005,NUDT21,ENSMUSG00000031754,Nudt21,0,0,0,0,1,0,0
346,ENSG00000131153,GINS2,ENSMUSG00000031821,Gins2,0,0,0,1,1,0,0
347,ENSG00000113070,HBEGF,ENSMUSG00000024486,Hbegf,0,0,1,0,0,0,0
348,ENSG00000186577,SMIM29,ENSMUSG00000062753,Smim29,0,0,0,0,0,0,0
349,ENSG00000119333,DYNC2I2,ENSMUSG00000039715,Dync2i2,0,0,0,0,0,0,0
350,ENSG00000198168,SVIP,ENSMUSG00000074093,Svip,0,0,0,0,0,1,1
351,ENSG00000179262,RAD23A,ENSMUSG00000003813,Rad23a,0,0,0,0,1,0,0
352,ENSG00000051825,MPHOSPH9,ENSMUSG00000038126,Mphosph9,0,0,0,0,0,1,0
353,ENSG00000112029,FBXO5,ENSMUSG00000019773,Fbxo5,0,0,0,1,1,1,0
354,ENSG00000065328,MCM10,ENSMUSG00000026669,Mcm10,0,0,0,1,0,0,0
355,ENSG00000170312,CDK1,ENSMUSG00000019942,Cdk1,0,0,0,0,1,1,0
356,ENSG00000168061,SAC3D1,ENSMUSG00000024790,Sac3d1,0,0,0,0,1,0,0
357,ENSG00000164985,PSIP1,ENSMUSG00000028484,Psip1,0,0,0,1,1,0,0
358,ENSG00000143631,FLG,ENSMUSG00000102439,Flg,0,0,1,0,0,0,0
359,ENSG00000235162,C12orf75,ENSMUSG00000087651,1500009L16Rik,0,0,0,0,1,1,0
360,ENSG00000184357,H1-5,ENSMUSG00000058773,H1f5,0,0,0,0,0,0,0
361,ENSG00000006042,TMEM98,ENSMUSG00000035413,Tmem98,0,0,0,0,1,0,0
362,ENSG00000154473,BUB3,ENSMUSG00000066979,Bub3,0,0,0,0,1,1,0
363,ENSG00000105011,ASF1B,ENSMUSG00000005470,Asf1b,0,0,0,1,1,0,0
364,ENSG00000228716,DHFR,ENSMUSG00000021707,Dhfr,0,0,0,1,1,0,0
365,ENSG00000120437,ACAT2,ENSMUSG00000023832,Acat2,0,0,1,1,1,0,0
366,ENSG00000164543,STK17A,missing22,missing22,0,0,1,0,0,0,0
367,ENSG00000172115,CYCS,ENSMUSG00000058927,Gm10053,0,0,0,0,1,1,0
368,ENSG00000015475,BID,ENSMUSG00000004446,Bid,0,0,0,1,0,0,0
369,ENSG00000023572,GLRX2,missing23,missing23,0,0,0,0,1,0,0
370,ENSG00000013810,TACC3,ENSMUSG00000037313,Tacc3,0,0,0,0,0,1,0
371,ENSG00000182512,GLRX5,ENSMUSG00000021102,Glrx5,0,0,0,0,0,1,1
372,ENSG00000128789,PSMG2,ENSMUSG00000024537,Psmg2,0,0,0,0,1,0,0
373,ENSG00000107438,PDLIM1,ENSMUSG00000055044,Pdlim1,0,0,0,1,0,0,0
374,ENSG00000136518,ACTL6A,ENSMUSG00000027671,Actl6a,0,0,0,0,1,0,0
375,ENSG00000175592,FOSL1,ENSMUSG00000024912,Fosl1,0,0,1,0,1,0,0
376,ENSG00000100578,KIAA0586,ENSMUSG00000034601,2700049A03Rik,0,0,0,0,0,1,0
377,ENSG00000126261,UBA2,ENSMUSG00000052997,Uba2,0,0,0,0,1,0,0
378,ENSG00000182732,RGS6,ENSMUSG00000021219,Rgs6,1,0,0,0,0,0,0
379,ENSG00000237649,KIFC1,ENSMUSG00000079553,Kifc1,0,0,0,0,1,1,0
380,ENSG00000137207,YIPF3,ENSMUSG00000071074,Yipf3,1,0,0,0,0,0,0
381,ENSG00000070761,CFAP20,ENSMUSG00000031796,Cfap20,0,0,0,0,0,0,0
382,ENSG00000109685,NSD2,ENSMUSG00000057406,Nsd2,0,0,0,0,0,0,0
383,ENSG00000108691,CCL2,ENSMUSG00000035385,Ccl2,0,0,1,0,0,0,0
384,ENSG00000132429,POPDC3,ENSMUSG00000019848,Popdc3,0,0,0,0,0,1,0
385,ENSG00000104388,RAB2A,ENSMUSG00000047187,Rab2a,1,0,0,0,0,0,0
386,ENSG00000068697,LAPTM4A,ENSMUSG00000020585,Laptm4a,1,0,0,0,0,0,0
387,ENSG00000143321,HDGF,ENSMUSG00000004897,Hdgf,0,0,0,0,0,1,0
388,ENSG00000109881,CCDC34,ENSMUSG00000027160,Ccdc34,0,0,0,1,1,1,0
389,ENSG00000055211,GINM1,ENSMUSG00000040006,Ginm1,0,0,0,0,1,0,0
390,ENSG00000102804,TSC22D1,ENSMUSG00000022010,Tsc22d1,1,0,0,0,0,0,1
391,ENSG00000137285,TUBB2B,ENSMUSG00000045136,Tubb2b,1,0,0,0,0,0,0
392,ENSG00000137509,PRCP,ENSMUSG00000061119,Prcp,1,0,0,0,0,0,0
393,ENSG00000166165,CKB,ENSMUSG00000001270,Ckb,0,0,0,0,0,0,1
394,ENSG00000092201,SUPT16H,ENSMUSG00000035726,Supt16,0,0,0,1,1,0,0
395,ENSG00000163882,POLR2H,ENSMUSG00000021018,Polr2h,0,0,0,0,1,0,0
396,ENSG00000115875,SRSF7,ENSMUSG00000024097,Srsf7,0,0,0,1,1,0,0
397,ENSG00000204287,HLA-DRA,ENSMUSG00000036322,H2-Ea,1,0,0,0,0,0,0
398,ENSG00000116670,MAD2L2,ENSMUSG00000029003,Mad2l2,0,0,0,0,1,0,0
399,ENSG00000173598,NUDT4,ENSMUSG00000020029,Nudt4,1,0,0,0,0,0,0
400,ENSG00000122952,ZWINT,ENSMUSG00000019923,Zwint,0,0,0,1,1,1,0
401,ENSG00000157150,TIMP4,ENSMUSG00000030317,Timp4,1,0,0,0,0,0,0
402,ENSG00000124575,H1-3,ENSMUSG00000052565,H1f3,0,0,0,0,0,0,0
403,ENSG00000176340,COX8A,ENSMUSG00000035885,Cox8a,0,0,0,0,0,1,1
404,ENSG00000129195,PIMREG,ENSMUSG00000020808,Pimreg,0,0,0,0,0,0,0
405,ENSG00000123144,TRIR,ENSMUSG00000041203,Trir,0,0,0,0,0,0,0
406,ENSG00000111639,MRPL51,ENSMUSG00000030335,Mrpl51,0,0,0,0,0,1,0
407,ENSG00000161980,POLR3K,ENSMUSG00000038628,Polr3k,0,0,0,1,1,0,0
408,ENSG00000121957,GPSM2,ENSMUSG00000027883,Gpsm2,0,0,0,0,1,1,0
409,ENSG00000163041,H3-3A,ENSMUSG00000060743,H3f3a,0,0,0,0,0,0,0
410,ENSG00000170540,ARL6IP1,ENSMUSG00000030654,Arl6ip1,0,0,0,0,0,1,1
411,ENSG00000101447,FAM83D,ENSMUSG00000027654,Fam83d,0,0,0,0,0,1,0
412,ENSG00000167670,CHAF1A,ENSMUSG00000002835,Chaf1a,0,0,0,1,0,0,0
413,ENSG00000164442,CITED2,ENSMUSG00000039910,Cited2,0,0,1,0,0,0,0
414,ENSG00000008517,IL32,missing24,missing24,0,0,0,0,0,0,1
415,ENSG00000117519,CNN3,ENSMUSG00000053931,Cnn3,0,0,1,0,0,0,0
416,ENSG00000092853,CLSPN,ENSMUSG00000042489,Clspn,0,0,0,1,1,0,0
417,ENSG00000166347,CYB5A,ENSMUSG00000024646,Cyb5a,0,0,0,0,1,0,0
418,ENSG00000147274,RBMX,ENSMUSG00000031134,Rbmx,0,0,0,0,0,1,0
419,ENSG00000050405,LIMA1,ENSMUSG00000023022,Lima1,0,0,1,0,0,0,0
420,ENSG00000141560,FN3KRP,ENSMUSG00000039253,Fn3krp,0,0,0,1,1,0,0
421,ENSG00000184260,H2AC20,ENSMUSG00000068855,H2ac20,0,0,0,0,0,0,0
422,ENSG00000108055,SMC3,ENSMUSG00000024974,Smc3,0,0,0,1,1,0,0
423,ENSG00000189057,FAM111B,missing25,missing25,0,0,0,1,0,0,0
424,ENSG00000125970,RALY,ENSMUSG00000027593,Raly,0,0,0,0,1,0,0
425,ENSG00000115641,FHL2,ENSMUSG00000008136,Fhl2,0,0,1,0,1,0,0
426,ENSG00000104147,OIP5,ENSMUSG00000072980,Oip5,0,0,0,0,0,1,0
427,ENSG00000167461,RAB8A,ENSMUSG00000003037,Rab8a,0,0,0,1,0,1,0
428,ENSG00000023697,DERA,ENSMUSG00000030225,Dera,0,0,0,1,1,0,0
429,ENSG00000078304,PPP2R5C,ENSMUSG00000017843,Ppp2r5c,0,0,0,0,0,1,0
430,ENSG00000099817,POLR2E,ENSMUSG00000004667,Polr2e,0,0,0,0,0,0,1
431,ENSG00000144354,CDCA7,ENSMUSG00000055612,Cdca7,0,0,0,1,0,0,0
432,ENSG00000213190,MLLT11,ENSMUSG00000053192,Mllt11,1,0,0,0,0,0,0
433,ENSG00000115053,NCL,ENSMUSG00000026234,Ncl,0,0,0,1,1,0,0
434,ENSG00000189403,HMGB1,missing26,missing26,0,0,0,0,1,1,1
435,ENSG00000141030,COPS3,ENSMUSG00000019373,Cops3,0,0,0,1,1,0,0
436,ENSG00000066279,ASPM,ENSMUSG00000033952,Aspm,0,0,0,0,1,1,0
437,ENSG00000176101,SSNA1,ENSMUSG00000026966,Ssna1,0,0,0,0,0,1,0
438,ENSG00000119640,ACYP1,missing27,missing27,0,0,0,0,1,0,0
439,ENSG00000188290,HES4,missing28,missing28,0,0,0,1,1,0,0
440,ENSG00000164754,RAD21,ENSMUSG00000022314,Rad21,0,0,0,0,1,1,0
441,ENSG00000175643,RMI2,ENSMUSG00000037991,Rmi2,0,0,0,1,1,0,0
442,ENSG00000104889,RNASEH2A,ENSMUSG00000052926,Rnaseh2a,0,0,0,1,1,0,0
443,ENSG00000124802,EEF1E1,ENSMUSG00000001707,Eef1e1,0,0,0,1,1,0,0
444,ENSG00000105223,PLD3,ENSMUSG00000003363,Pld3,1,0,0,0,0,0,0
445,ENSG00000152154,TMEM178A,ENSMUSG00000024245,Tmem178,0,0,0,1,0,0,0
446,ENSG00000111247,RAD51AP1,ENSMUSG00000030346,Rad51ap1,0,0,0,1,1,0,0
447,ENSG00000086666,ZFAND6,ENSMUSG00000030629,Zfand6,1,0,0,0,0,0,0
448,ENSG00000136861,CDK5RAP2,ENSMUSG00000039298,Cdk5rap2,0,0,0,0,0,1,0
449,ENSG00000172795,DCP2,ENSMUSG00000024472,Dcp2,0,0,0,0,0,1,0
450,ENSG00000112118,MCM3,ENSMUSG00000041859,Mcm3,0,0,0,1,1,0,0
451,ENSG00000119185,ITGB1BP1,ENSMUSG00000062352,Itgb1bp1,0,0,0,0,1,1,0
452,ENSG00000165480,SKA3,ENSMUSG00000021965,Ska3,0,0,0,0,1,1,0
453,ENSG00000134333,LDHA,ENSMUSG00000063229,Ldha,0,0,0,0,0,1,1
454,ENSG00000137812,KNL1,ENSMUSG00000027326,Knl1,0,0,0,0,0,0,0
455,ENSG00000127483,HP1BP3,ENSMUSG00000028759,Hp1bp3,0,0,0,0,0,1,0
456,ENSG00000096384,HSP90AB1,ENSMUSG00000023944,Hsp90ab1,0,0,0,0,0,0,1
457,ENSG00000143183,TMCO1,ENSMUSG00000052428,Tmco1,1,0,0,0,0,0,0
458,ENSG00000163950,SLBP,ENSMUSG00000004642,Slbp,0,0,0,1,1,0,0
459,ENSG00000170584,NUDCD2,ENSMUSG00000020328,Nudcd2,0,0,0,0,0,1,0
460,ENSG00000133119,RFC3,ENSMUSG00000033970,Rfc3,0,0,0,1,1,0,0
461,ENSG00000125835,SNRPB,ENSMUSG00000027404,Snrpb,0,0,0,1,1,1,0
462,ENSG00000100567,PSMA3,ENSMUSG00000060073,Psma3,0,0,0,0,1,0,0
463,ENSG00000205581,HMGN1,ENSMUSG00000040681,Hmgn1,0,0,0,0,1,1,1
464,ENSG00000080822,CLDND1,ENSMUSG00000022744,Cldnd1,1,0,0,0,0,0,0
465,ENSG00000122565,CBX3,ENSMUSG00000029836,Cbx3,0,0,0,0,0,1,0
466,ENSG00000148019,CEP78,ENSMUSG00000041491,Cep78,0,0,0,0,1,0,0
467,ENSG00000143977,SNRPG,ENSMUSG00000057278,Snrpg,0,0,0,0,1,0,1
468,ENSG00000134222,PSRC1,ENSMUSG00000068744,Psrc1,0,0,0,0,0,1,0
469,ENSG00000144339,TMEFF2,ENSMUSG00000026109,Tmeff2,0,0,1,0,1,0,0
470,ENSG00000183527,PSMG1,ENSMUSG00000022913,Psmg1,0,0,0,1,1,0,0
471,ENSG00000160813,PPP1R35,ENSMUSG00000029725,Ppp1r35,0,0,0,0,0,1,0
472,ENSG00000163808,KIF15,ENSMUSG00000036768,Kif15,0,0,0,0,1,1,0
473,ENSG00000106153,CHCHD2,ENSMUSG00000070493,Chchd2,0,0,0,0,1,1,0
474,ENSG00000164611,PTTG1,ENSMUSG00000020415,Pttg1,0,0,0,0,1,1,1
475,ENSG00000213347,MXD3,ENSMUSG00000021485,Mxd3,0,0,0,0,1,1,0
476,ENSG00000213551,DNAJC9,ENSMUSG00000021811,Dnajc9,0,0,0,1,1,0,0
477,ENSG00000120992,LYPLA1,ENSMUSG00000025903,Lypla1,0,0,0,0,1,0,0
478,ENSG00000137831,UACA,ENSMUSG00000034485,Uaca,0,0,0,0,0,1,0
479,ENSG00000100664,EIF5,ENSMUSG00000021282,Eif5,0,0,0,0,1,1,0
480,ENSG00000170558,CDH2,ENSMUSG00000024304,Cdh2,1,0,0,0,0,0,0
481,ENSG00000104904,OAZ1,ENSMUSG00000035242,Oaz1,0,0,0,0,0,0,1
482,ENSG00000104267,CA2,ENSMUSG00000027562,Car2,1,0,0,0,0,0,0
483,ENSG00000099901,RANBP1,ENSMUSG00000005732,Ranbp1,0,0,0,1,1,1,0
484,ENSG00000165527,ARF6,ENSMUSG00000044147,Arf6,0,0,0,0,1,0,0
485,ENSG00000111196,MAGOHB,ENSMUSG00000030188,Magohb,0,0,0,1,1,0,0
486,ENSG00000151287,TEX30,ENSMUSG00000026049,Tex30,0,0,0,1,1,0,0
487,ENSG00000189306,RRP7A,ENSMUSG00000018040,Rrp7a,0,0,0,0,1,0,0
488,ENSG00000129355,CDKN2D,ENSMUSG00000096472,Cdkn2d,0,0,0,0,1,0,0
489,ENSG00000046653,GPM6B,ENSMUSG00000031342,Gpm6b,1,0,0,0,0,0,0
490,ENSG00000118193,KIF14,ENSMUSG00000041498,Kif14,0,0,0,0,0,1,0
491,ENSG00000100911,PSME2,ENSMUSG00000078153,Psme2b,0,0,0,0,0,1,1
492,ENSG00000105355,PLIN3,ENSMUSG00000024197,Plin3,0,0,0,0,0,1,0
493,ENSG00000180992,MRPL14,ENSMUSG00000023939,Mrpl14,0,0,0,1,1,0,0
494,ENSG00000113460,BRIX1,ENSMUSG00000022247,Brix1,0,0,0,1,1,0,0
495,ENSG00000112984,KIF20A,ENSMUSG00000003779,Kif20a,0,0,0,0,0,1,0
496,ENSG00000136824,SMC2,ENSMUSG00000028312,Smc2,0,0,0,1,1,1,0
497,ENSG00000198901,PRC1,ENSMUSG00000038943,Prc1,0,0,0,0,1,1,0
498,ENSG00000078018,MAP2,ENSMUSG00000015222,Map2,1,0,0,0,0,0,0
499,ENSG00000137807,KIF23,ENSMUSG00000032254,Kif23,0,0,0,0,1,1,0
500,ENSG00000068489,PRR11,ENSMUSG00000020493,Prr11,0,0,0,0,0,1,0
501,ENSG00000123136,DDX39A,ENSMUSG00000005481,Ddx39a,0,0,0,0,1,1,0
502,ENSG00000161547,SRSF2,ENSMUSG00000034120,Srsf2,0,0,0,1,1,0,0
503,ENSG00000175063,UBE2C,ENSMUSG00000001403,Ube2c,0,0,0,0,1,1,0
504,ENSG00000144320,LNPK,ENSMUSG00000009207,Lnpk,0,0,0,0,0,0,0
505,ENSG00000184897,H1-10,ENSMUSG00000044927,H1f10,0,0,0,0,0,0,0
506,ENSG00000136159,NUDT15,ENSMUSG00000033405,Nudt15,0,0,0,0,1,0,0
507,ENSG00000121774,KHDRBS1,ENSMUSG00000028790,Khdrbs1,0,0,0,0,0,1,1
508,ENSG00000144136,SLC20A1,ENSMUSG00000027397,Slc20a1,0,0,0,0,1,0,0
509,ENSG00000174792,ODAPH,ENSMUSG00000096035,Odaph,0,0,0,0,0,0,0
510,ENSG00000198830,HMGN2,ENSMUSG00000003038,Hmgn2,0,0,0,0,1,1,1
511,ENSG00000136490,LIMD2,ENSMUSG00000040699,Limd2,0,0,0,1,0,0,0
512,ENSG00000169689,CENPX,missing29,missing29,0,0,0,0,0,0,0
513,ENSG00000100380,ST13,ENSMUSG00000022403,St13,1,0,0,0,0,0,0
514,ENSG00000104738,MCM4,ENSMUSG00000022673,Mcm4,0,0,0,1,0,0,0
515,ENSG00000156113,KCNMA1,ENSMUSG00000063142,Kcnma1,0,0,0,0,1,0,0
516,ENSG00000182004,SNRPE,ENSMUSG00000090553,Snrpe,0,0,0,1,1,0,0
517,ENSG00000112769,LAMA4,ENSMUSG00000019846,Lama4,1,0,0,0,0,0,0
518,ENSG00000103260,METRN,ENSMUSG00000002274,Metrn,1,0,0,0,0,0,0
519,ENSG00000108551,RASD1,ENSMUSG00000049892,Rasd1,0,0,0,0,1,0,0
520,ENSG00000035928,RFC1,ENSMUSG00000029191,Rfc1,0,0,0,1,0,0,0
521,ENSG00000077152,UBE2T,ENSMUSG00000026429,Ube2t,0,0,0,1,1,1,0
522,ENSG00000081870,IFT25,ENSMUSG00000063172,Hspb11,0,0,0,0,0,0,0
523,ENSG00000040275,SPDL1,ENSMUSG00000069910,Spdl1,0,0,0,0,1,1,0
524,ENSG00000204899,MZT1,ENSMUSG00000033186,Mzt1,0,0,0,0,1,1,0
525,ENSG00000080824,HSP90AA1,ENSMUSG00000021270,Hsp90aa1,0,0,0,0,1,0,1
526,ENSG00000025770,NCAPH2,ENSMUSG00000008690,Ncaph2,0,0,0,0,1,0,0
527,ENSG00000123562,MORF4L2,ENSMUSG00000031422,Morf4l2,0,0,0,0,0,1,0
528,ENSG00000150753,CCT5,ENSMUSG00000022234,Cct5,0,0,0,0,0,1,0
529,ENSG00000065911,MTHFD2,ENSMUSG00000005667,Mthfd2,0,0,0,0,1,0,0
530,ENSG00000197746,PSAP,ENSMUSG00000004207,Psap,0,1,0,0,0,0,0
531,ENSG00000087365,SF3B2,ENSMUSG00000024853,Sf3b2,0,0,0,0,1,0,0
532,ENSG00000175305,CCNE2,ENSMUSG00000028212,Ccne2,0,0,0,1,0,0,0
533,ENSG00000138376,BARD1,ENSMUSG00000026196,Bard1,0,0,0,0,1,0,0
534,ENSG00000106268,NUDT1,ENSMUSG00000036639,Nudt1,0,0,0,0,1,1,0
535,ENSG00000182103,FAM181B,ENSMUSG00000051515,Fam181b,1,0,0,0,0,0,0
536,ENSG00000133302,SLF1,ENSMUSG00000021597,Slf1,0,0,0,0,0,0,0
537,ENSG00000145050,MANF,ENSMUSG00000032575,Manf,0,0,0,1,1,0,0
538,ENSG00000166851,PLK1,ENSMUSG00000030867,Plk1,0,0,0,0,0,1,0
539,ENSG00000116237,ICMT,ENSMUSG00000039662,Icmt,0,0,0,0,1,0,0
540,ENSG00000160789,LMNA,ENSMUSG00000028063,Lmna,0,0,0,0,0,1,1
541,ENSG00000123595,RAB9A,ENSMUSG00000079316,Rab9,1,0,0,0,0,0,0
542,ENSG00000197061,H4C3,missing30,missing30,0,0,0,0,0,0,0
543,ENSG00000166508,MCM7,ENSMUSG00000029730,Mcm7,0,0,0,1,1,0,0
544,ENSG00000110435,PDHX,ENSMUSG00000010914,Pdhx,1,0,0,0,0,0,0
545,ENSG00000079246,XRCC5,ENSMUSG00000026187,Xrcc5,0,0,0,0,1,0,0
546,ENSG00000094804,CDC6,ENSMUSG00000017499,Cdc6,0,0,0,1,1,0,0
547,ENSG00000185222,TCEAL9,ENSMUSG00000042712,Tceal9,0,0,0,0,0,0,0
548,ENSG00000107371,EXOSC3,ENSMUSG00000028322,Exosc3,0,0,0,0,1,0,0
549,ENSG00000067082,KLF6,ENSMUSG00000000078,Klf6,0,0,0,0,1,0,0
550,ENSG00000121152,NCAPH,ENSMUSG00000034906,Ncaph,0,0,0,0,1,1,0
551,ENSG00000149929,HIRIP3,ENSMUSG00000042606,Hirip3,0,0,0,0,1,0,0
552,ENSG00000169679,BUB1,ENSMUSG00000027379,Bub1,0,0,0,0,0,1,0
553,ENSG00000153048,CARHSP1,ENSMUSG00000008393,Carhsp1,0,0,0,1,1,0,0
554,ENSG00000169230,PRELID1,ENSMUSG00000021486,Prelid1,0,0,0,0,1,0,0
555,ENSG00000120885,CLU,ENSMUSG00000022037,Clu,1,1,0,0,0,0,0
556,ENSG00000069849,ATP1B3,ENSMUSG00000032412,Atp1b3,0,0,0,0,1,0,0
557,ENSG00000163453,IGFBP7,ENSMUSG00000036256,Igfbp7,1,0,0,0,0,0,0
558,ENSG00000006625,GGCT,ENSMUSG00000002797,Ggct,0,0,0,1,1,0,0
559,ENSG00000130066,SAT1,ENSMUSG00000025283,Sat1,1,0,0,0,0,0,0
560,ENSG00000181649,PHLDA2,ENSMUSG00000010760,Phlda2,0,0,0,1,1,0,0
561,ENSG00000139289,PHLDA1,ENSMUSG00000020205,Phlda1,0,0,0,0,1,1,1
562,ENSG00000148154,UGCG,ENSMUSG00000028381,Ugcg,0,0,1,0,0,0,0
563,ENSG00000198826,ARHGAP11A,ENSMUSG00000041219,Arhgap11a,0,0,0,0,1,1,0
564,ENSG00000198937,CCDC167,ENSMUSG00000024018,Ccdc167,0,0,0,0,1,1,0
565,ENSG00000114200,BCHE,ENSMUSG00000027792,Bche,1,0,0,0,0,0,0
566,ENSG00000152661,GJA1,ENSMUSG00000055691,Gja6,0,0,1,0,0,0,0
567,ENSG00000149089,APIP,ENSMUSG00000010911,Apip,1,0,0,0,0,0,0
568,ENSG00000137804,NUSAP1,ENSMUSG00000027306,Nusap1,0,0,0,0,1,1,0
569,ENSG00000179029,TMEM107,ENSMUSG00000020895,Tmem107,0,0,0,0,1,0,0
570,ENSG00000131171,SH3BGRL,ENSMUSG00000031246,Sh3bgrl,1,0,0,0,0,0,0
571,ENSG00000070087,PFN2,ENSMUSG00000027805,Pfn2,1,0,0,0,0,0,0
572,ENSG00000188486,H2AX,ENSMUSG00000049932,H2ax,0,0,0,0,0,0,0
573,ENSG00000139618,BRCA2,ENSMUSG00000041147,Brca2,0,0,0,1,1,0,0
574,ENSG00000165304,MELK,ENSMUSG00000035683,Melk,0,0,0,0,1,1,0
575,ENSG00000104368,PLAT,ENSMUSG00000031538,Plat,1,0,0,0,0,0,0
576,ENSG00000140451,PIF1,ENSMUSG00000041064,Pif1,0,0,0,0,0,1,0
577,ENSG00000115484,CCT4,ENSMUSG00000007739,Cct4,0,0,0,0,0,0,1
578,ENSG00000055044,NOP58,ENSMUSG00000026020,Nop58,0,0,0,1,0,0,0
579,ENSG00000137547,MRPL15,ENSMUSG00000033845,Mrpl15,0,0,0,0,1,0,0
580,ENSG00000100281,HMGXB4,ENSMUSG00000034518,Hmgxb4,0,0,0,0,1,0,0
581,ENSG00000104886,PLEKHJ1,ENSMUSG00000035278,Plekhj1,0,0,0,0,1,0,0
582,ENSG00000085063,CD59,ENSMUSG00000068686,Cd59b,1,0,0,0,0,0,0
583,ENSG00000150551,LYPD1,ENSMUSG00000026344,Lypd1,1,0,0,0,0,0,0
584,ENSG00000136527,TRA2B,ENSMUSG00000022858,Tra2b,0,0,0,0,1,0,0
585,ENSG00000120438,TCP1,ENSMUSG00000068039,Tcp1,0,0,0,0,1,1,0
586,ENSG00000091651,ORC6,ENSMUSG00000031697,Orc6,0,0,0,1,1,1,0
587,ENSG00000160753,RUSC1,ENSMUSG00000041263,Rusc1,0,0,0,1,1,0,0
588,ENSG00000121211,MND1,ENSMUSG00000033752,Mnd1,0,0,0,0,1,0,0
589,ENSG00000077514,POLD3,missing31,missing31,0,0,0,1,1,0,0
590,ENSG00000134057,CCNB1,ENSMUSG00000041431,Ccnb1,0,0,0,0,0,1,0
591,ENSG00000070010,UFD1,ENSMUSG00000005262,Ufd1,0,0,0,0,0,0,0
592,ENSG00000123416,TUBA1B,ENSMUSG00000023004,Tuba1b,0,0,0,0,1,1,1
593,ENSG00000076382,SPAG5,ENSMUSG00000002055,Spag5,0,0,0,0,0,1,0
594,ENSG00000228474,OST4,ENSMUSG00000038803,Ost4,1,0,0,0,0,0,0
595,ENSG00000169813,HNRNPF,ENSMUSG00000042079,Hnrnpf,0,0,0,1,1,0,0
596,ENSG00000176890,TYMS,ENSMUSG00000025747,Tyms,0,0,0,1,1,0,0
597,ENSG00000131116,ZNF428,ENSMUSG00000064264,Zfp428,1,0,0,0,0,0,0
598,ENSG00000173917,HOXB2,ENSMUSG00000075588,Hoxb2,0,0,1,0,1,0,0
599,ENSG00000123374,CDK2,ENSMUSG00000025358,Cdk2,0,0,0,0,1,0,0
600,ENSG00000136156,ITM2B,ENSMUSG00000022108,Itm2b,1,0,0,0,0,0,0
601,ENSG00000135446,CDK4,ENSMUSG00000006728,Cdk4,0,0,0,1,1,0,0
602,ENSG00000149554,CHEK1,ENSMUSG00000032113,Chek1,0,0,0,1,0,0,0
603,ENSG00000147548,NSD3,ENSMUSG00000054823,Nsd3,0,0,0,0,0,0,0
604,ENSG00000130204,TOMM40,ENSMUSG00000002984,Tomm40,0,0,0,1,1,0,0
605,ENSG00000173272,MZT2A,ENSMUSG00000022671,Mzt2,0,0,0,0,1,0,0
606,ENSG00000197451,HNRNPAB,ENSMUSG00000020358,Hnrnpab,0,0,0,1,1,0,0
607,ENSG00000196839,ADA,ENSMUSG00000017697,Ada,0,0,0,0,0,1,0
608,ENSG00000137563,GGH,ENSMUSG00000073987,Ggh,0,0,0,0,1,1,1
609,ENSG00000106554,CHCHD3,ENSMUSG00000053768,Chchd3,0,0,0,0,1,0,0
610,ENSG00000159055,MIS18A,ENSMUSG00000022978,Mis18a,0,0,0,1,1,1,0
611,ENSG00000132780,NASP,ENSMUSG00000028693,Nasp,0,0,0,1,1,0,0
612,ENSG00000187514,PTMA,missing32,missing32,0,0,0,1,1,1,1
613,ENSG00000196230,TUBB,ENSMUSG00000001525,Tubb5,0,0,0,1,1,1,0
614,ENSG00000170860,LSM3,ENSMUSG00000034192,Lsm3,0,0,0,0,1,1,0
615,ENSG00000075218,GTSE1,ENSMUSG00000022385,Gtse1,0,0,0,0,1,1,0
616,ENSG00000136908,DPM2,ENSMUSG00000026810,Dpm2,0,0,0,0,1,0,0
617,ENSG00000109805,NCAPG,ENSMUSG00000015880,Ncapg,0,0,0,0,1,1,0
618,ENSG00000116209,TMEM59,ENSMUSG00000028618,Tmem59,1,0,0,0,0,0,0
619,ENSG00000177917,ARL6IP6,ENSMUSG00000026960,Arl6ip6,0,0,0,1,1,0,0
620,ENSG00000094916,CBX5,ENSMUSG00000009575,Cbx5,0,0,0,0,1,0,0
621,ENSG00000133101,CCNA1,ENSMUSG00000027793,Ccna1,0,0,0,0,0,1,0
622,ENSG00000143799,PARP1,ENSMUSG00000026496,Parp1,0,0,0,1,1,0,0
623,ENSG00000106615,RHEB,ENSMUSG00000028945,Rheb,0,0,0,0,1,1,0
624,ENSG00000149485,FADS1,ENSMUSG00000010663,Fads1,0,0,0,0,1,0,0
625,ENSG00000100749,VRK1,ENSMUSG00000021115,Vrk1,0,0,0,1,1,1,0
626,ENSG00000100908,EMC9,ENSMUSG00000022217,Emc9,0,0,0,0,0,1,0
627,ENSG00000146674,IGFBP3,ENSMUSG00000020427,Igfbp3,0,1,0,1,0,0,0
628,ENSG00000197858,GPAA1,ENSMUSG00000022561,Gpaa1,0,0,0,0,1,0,0
629,ENSG00000175745,NR2F1,ENSMUSG00000069171,Nr2f1,0,0,0,0,1,0,0
630,ENSG00000165474,GJB2,ENSMUSG00000046352,Gjb2,0,1,0,1,0,0,0
631,ENSG00000183696,UPP1,ENSMUSG00000020407,Upp1,0,0,0,0,1,0,0
632,ENSG00000104472,CHRAC1,ENSMUSG00000068391,Chrac1,0,0,0,0,1,0,0
633,ENSG00000131876,SNRPA1,ENSMUSG00000030512,Snrpa1,0,0,0,1,1,0,1
634,ENSG00000178999,AURKB,ENSMUSG00000020897,Aurkb,0,0,0,0,1,1,0
635,ENSG00000124207,CSE1L,ENSMUSG00000002718,Cse1l,0,0,0,0,1,0,0
636,ENSG00000113140,SPARC,ENSMUSG00000018593,Sparc,1,0,0,0,0,0,0
637,ENSG00000167900,TK1,ENSMUSG00000025574,Tk1,0,0,0,1,1,0,0
638,ENSG00000114107,CEP70,ENSMUSG00000056267,Cep70,0,0,0,0,0,1,0
639,ENSG00000153904,DDAH1,ENSMUSG00000028194,Ddah1,0,0,1,0,0,0,0
640,ENSG00000184207,PGP,ENSMUSG00000043445,Pgp,0,0,0,0,1,1,0
641,ENSG00000119403,PHF19,ENSMUSG00000026873,Phf19,0,0,0,0,1,1,0
642,ENSG00000243449,C4orf48,ENSMUSG00000070858,Gm1673,1,0,0,0,0,0,0
643,ENSG00000159840,ZYX,ENSMUSG00000029860,Zyx,0,0,1,0,0,0,0
644,ENSG00000170759,KIF5B,ENSMUSG00000006740,Kif5b,0,0,0,0,1,1,0
645,ENSG00000129534,MIS18BP1,ENSMUSG00000047534,Mis18bp1,0,0,0,0,1,1,0
646,ENSG00000117592,PRDX6,ENSMUSG00000050114,Prdx6b,0,0,0,0,0,0,1
647,ENSG00000106462,EZH2,ENSMUSG00000029687,Ezh2,0,0,0,0,1,1,0
648,ENSG00000165732,DDX21,ENSMUSG00000020075,Ddx21,0,0,1,0,0,0,0
649,ENSG00000217555,CKLF,ENSMUSG00000054400,Cklf,0,0,0,1,1,0,0
650,ENSG00000131351,HAUS8,ENSMUSG00000035439,Haus8,0,0,0,1,1,0,0
651,ENSG00000105894,PTN,ENSMUSG00000029838,Ptn,1,0,0,0,0,0,0
652,ENSG00000125944,HNRNPR,ENSMUSG00000066037,Hnrnpr,0,0,0,0,0,0,1
653,ENSG00000167996,FTH1,missing33,missing33,1,0,0,0,0,0,0
654,ENSG00000171241,SHCBP1,ENSMUSG00000022322,Shcbp1,0,0,0,0,1,1,0
655,ENSG00000116161,CACYBP,ENSMUSG00000014226,Cacybp,0,0,0,1,1,0,0
656,ENSG00000153044,CENPH,ENSMUSG00000045273,Cenph,0,0,0,0,1,1,0
657,ENSG00000106484,MEST,ENSMUSG00000051855,Mest,0,0,1,1,0,0,0
658,ENSG00000023909,GCLM,ENSMUSG00000028124,Gclm,0,0,0,0,1,0,0
659,ENSG00000164096,C4orf3,ENSMUSG00000054091,1810037I17Rik,1,0,0,0,0,0,0
660,ENSG00000182010,RTKN2,ENSMUSG00000037846,Rtkn2,0,0,0,1,1,1,0
661,ENSG00000118418,HMGN3,ENSMUSG00000066456,Hmgn3,0,0,0,0,0,1,1
662,ENSG00000087494,PTHLH,ENSMUSG00000048776,Pthlh,0,0,1,0,1,0,0
663,ENSG00000100526,CDKN3,ENSMUSG00000037628,Cdkn3,0,0,0,0,1,1,1
664,ENSG00000047634,SCML1,missing34,missing34,0,0,0,0,1,0,0
665,ENSG00000138160,KIF11,ENSMUSG00000012443,Kif11,0,0,0,0,1,1,0
666,ENSG00000139910,NOVA1,ENSMUSG00000021047,Nova1,1,0,0,0,0,0,0
667,ENSG00000104765,BNIP3L,ENSMUSG00000022051,Bnip3l,1,0,0,0,0,0,0
668,ENSG00000149136,SSRP1,ENSMUSG00000027067,Ssrp1,0,0,0,0,1,0,0
669,ENSG00000164434,FABP7,ENSMUSG00000019874,Fabp7,1,0,0,0,0,0,0
670,ENSG00000173114,LRRN3,ENSMUSG00000036295,Lrrn3,1,0,0,0,0,0,0
671,ENSG00000143401,ANP32E,ENSMUSG00000015749,Anp32e,0,0,0,0,1,1,0
672,ENSG00000133393,CEP20,ENSMUSG00000022677,Cep20,0,0,0,0,0,0,0
673,ENSG00000125931,CITED1,ENSMUSG00000051159,Cited1,1,0,0,0,0,0,0
674,ENSG00000174891,RSRC1,ENSMUSG00000034544,Rsrc1,0,0,0,0,0,1,0
675,ENSG00000102316,MAGED2,ENSMUSG00000025268,Maged2,1,0,0,0,0,0,0
676,ENSG00000129197,RPAIN,ENSMUSG00000018449,Rpain,1,0,0,0,0,0,0
677,ENSG00000005893,LAMP2,ENSMUSG00000016534,Lamp2,1,0,0,0,0,0,0
678,ENSG00000181449,SOX2,ENSMUSG00000074637,Sox2,1,0,0,0,0,0,0
679,ENSG00000152240,HAUS1,ENSMUSG00000041840,Haus1,0,0,0,1,1,0,0
680,ENSG00000173786,CNP,ENSMUSG00000006782,Cnp,1,0,0,0,0,0,0
681,ENSG00000171208,NETO2,ENSMUSG00000036902,Neto2,0,0,0,0,1,0,0
682,ENSG00000106628,POLD2,ENSMUSG00000020471,Pold2,0,0,0,0,1,0,0
683,ENSG00000155755,TMEM237,ENSMUSG00000038079,Tmem237,0,0,0,0,1,1,0
684,ENSG00000173456,RNF26,ENSMUSG00000072476,Gm9008,0,0,0,0,0,1,0
685,ENSG00000205937,RNPS1,ENSMUSG00000034681,Rnps1,0,0,0,0,1,0,0
686,ENSG00000178741,COX5A,ENSMUSG00000000088,Cox5a,0,0,0,0,1,0,0
687,ENSG00000150687,PRSS23,ENSMUSG00000039405,Prss23,0,1,1,1,0,0,0
688,ENSG00000142945,KIF2C,ENSMUSG00000028678,Kif2c,0,0,0,0,0,1,0
689,ENSG00000112297,CRYBG1,ENSMUSG00000019866,Crybg1,0,0,0,0,0,0,0
690,ENSG00000140525,FANCI,ENSMUSG00000039187,Fanci,0,0,0,0,1,0,0
691,ENSG00000163320,CGGBP1,ENSMUSG00000054604,Cggbp1,0,0,0,0,0,1,0
692,ENSG00000137288,UQCC2,ENSMUSG00000024208,Uqcc2,0,0,0,0,1,0,0
693,ENSG00000108010,GLRX3,ENSMUSG00000031068,Glrx3,0,0,0,0,1,0,0
694,ENSG00000143256,PFDN2,ENSMUSG00000006412,Pfdn2,0,0,0,0,1,0,0
695,ENSG00000128228,SDF2L1,ENSMUSG00000022769,Sdf2l1,0,0,0,0,0,1,0
696,ENSG00000138798,EGF,ENSMUSG00000028017,Egf,0,0,1,0,0,0,0
697,ENSG00000121390,PSPC1,ENSMUSG00000021938,Pspc1,0,0,0,0,0,1,0
698,ENSG00000179750,APOBEC3B,missing35,missing35,0,0,0,0,1,1,0
699,ENSG00000186193,SAPCD2,ENSMUSG00000026955,Sapcd2,0,0,0,0,0,1,0
700,ENSG00000174721,FGFBP3,ENSMUSG00000047632,Fgfbp3,1,0,0,0,0,0,0
701,ENSG00000143742,SRP9,ENSMUSG00000026511,Srp9,0,0,0,0,0,0,1
702,ENSG00000110958,PTGES3,ENSMUSG00000071072,Ptges3,0,0,0,0,1,1,0
703,ENSG00000164104,HMGB2,ENSMUSG00000054717,Hmgb2,0,0,0,0,1,1,0
704,ENSG00000148229,POLE3,ENSMUSG00000028394,Pole3,0,0,0,0,1,0,0
705,ENSG00000164167,LSM6,ENSMUSG00000031683,Lsm6,0,0,0,0,1,1,0
706,ENSG00000175216,CKAP5,ENSMUSG00000040549,Ckap5,0,0,0,0,0,1,0
707,ENSG00000161542,PRPSAP1,ENSMUSG00000015869,Prpsap1,0,0,0,0,0,1,0
708,ENSG00000100345,MYH9,ENSMUSG00000022443,Myh9,0,0,0,0,1,0,0
709,ENSG00000164087,POC1A,ENSMUSG00000023345,Poc1a,0,0,0,0,1,1,0
710,ENSG00000106399,RPA3,ENSMUSG00000012483,Rpa3,0,0,0,1,1,0,0
711,ENSG00000156970,BUB1B,ENSMUSG00000040084,Bub1b,0,0,0,0,0,1,0
712,ENSG00000177508,IRX3,ENSMUSG00000031734,Irx3,0,0,1,0,0,0,0
713,ENSG00000082898,XPO1,ENSMUSG00000020290,Xpo1,0,0,0,0,1,1,0
714,ENSG00000100028,SNRPD3,ENSMUSG00000020180,Snrpd3,0,0,0,0,1,0,0
715,ENSG00000112312,GMNN,ENSMUSG00000006715,Gmnn,0,0,0,1,1,1,0
716,ENSG00000113558,SKP1,ENSMUSG00000036309,Skp1,1,0,0,0,0,0,0
717,ENSG00000138668,HNRNPD,ENSMUSG00000000568,Hnrnpd,0,0,0,0,1,0,0
718,ENSG00000106355,LSM5,ENSMUSG00000091625,Lsm5,0,0,0,0,0,1,1
719,ENSG00000087586,AURKA,ENSMUSG00000027496,Aurka,0,0,0,0,0,1,0
720,ENSG00000144560,VGLL4,ENSMUSG00000030315,Vgll4,1,0,0,0,0,0,0
721,ENSG00000184564,SLITRK6,ENSMUSG00000045871,Slitrk6,0,0,1,0,0,0,0
722,ENSG00000097021,ACOT7,ENSMUSG00000028937,Acot7,0,0,0,0,1,0,0
723,ENSG00000116750,UCHL5,ENSMUSG00000018189,Uchl5,0,0,0,0,1,0,0
724,ENSG00000051180,RAD51,ENSMUSG00000027323,Rad51,0,0,0,1,0,0,0
725,ENSG00000169738,DCXR,ENSMUSG00000039450,Dcxr,0,0,0,0,0,1,0
726,ENSG00000147223,RIPPLY1,ENSMUSG00000072945,Ripply1,1,0,0,0,0,0,0
727,ENSG00000213719,CLIC1,ENSMUSG00000007041,Clic1,0,0,0,0,1,1,0
728,ENSG00000135334,AKIRIN2,ENSMUSG00000028291,Akirin2,0,0,0,0,0,1,0
729,ENSG00000203760,CENPW,ENSMUSG00000075266,Cenpw,0,0,0,0,1,1,0
730,ENSG00000144834,TAGLN3,ENSMUSG00000022658,Tagln3,1,0,0,0,0,0,0
731,ENSG00000205531,NAP1L4,ENSMUSG00000059119,Nap1l4,0,0,0,0,1,0,0
732,ENSG00000170144,HNRNPA3,ENSMUSG00000059005,Hnrnpa3,0,0,0,0,1,1,0
733,ENSG00000105854,PON2,ENSMUSG00000032667,Pon2,1,0,0,0,0,0,0
734,ENSG00000075336,TIMM21,ENSMUSG00000024645,Timm21,0,0,0,0,1,0,0
735,ENSG00000120697,ALG5,ENSMUSG00000036632,Alg5,0,0,0,0,1,0,0
736,ENSG00000105968,H2AZ2,ENSMUSG00000041126,H2az2,0,0,0,0,0,0,0
737,ENSG00000130706,ADRM1,ENSMUSG00000042165,Adrm1b,0,0,0,0,1,0,0
738,ENSG00000214706,IFRD2,ENSMUSG00000010048,Ifrd2,0,0,0,0,1,0,0
739,ENSG00000150787,PTS,ENSMUSG00000032067,Pts,0,0,0,0,1,0,0
740,ENSG00000136888,ATP6V1G1,ENSMUSG00000039105,Atp6v1g1,1,0,0,0,0,0,0
741,ENSG00000187837,H1-2,ENSMUSG00000036181,H1f2,0,0,0,0,0,0,0
742,ENSG00000145293,ENOPH1,ENSMUSG00000029326,Enoph1,0,0,0,1,1,0,0
743,ENSG00000135451,TROAP,ENSMUSG00000032783,Troap,0,0,0,0,0,1,1
744,ENSG00000071054,MAP4K4,ENSMUSG00000026074,Map4k4,0,0,0,0,0,1,0
745,ENSG00000110092,CCND1,ENSMUSG00000070348,Ccnd1,0,0,1,1,0,0,0
746,ENSG00000177426,TGIF1,ENSMUSG00000047407,Tgif1,0,0,0,0,0,1,0
747,ENSG00000126453,BCL2L12,ENSMUSG00000003190,Bcl2l12,0,0,0,0,1,1,0
748,ENSG00000100162,CENPM,ENSMUSG00000068101,Cenpm,0,0,0,1,1,1,0
749,ENSG00000170515,PA2G4,ENSMUSG00000025364,Pa2g4,0,0,0,1,1,0,0
750,ENSG00000135046,ANXA1,ENSMUSG00000024659,Anxa1,0,0,1,0,0,0,0
751,ENSG00000079931,MOXD1,ENSMUSG00000020000,Moxd1,1,0,0,0,0,0,0
752,ENSG00000100410,PHF5A,ENSMUSG00000061360,Phf5a,0,0,0,0,1,0,0
753,ENSG00000072501,SMC1A,ENSMUSG00000041133,Smc1a,0,0,0,0,1,0,0
754,ENSG00000140319,SRP14,ENSMUSG00000009549,Srp14,1,0,0,0,0,0,0
755,ENSG00000166582,CENPV,ENSMUSG00000018509,Cenpv,0,0,0,1,1,0,0
756,ENSG00000198887,SMC5,ENSMUSG00000024943,Smc5,0,0,0,0,1,0,0
757,ENSG00000167747,C19orf48P,missing36,missing36,0,0,0,0,0,0,0
758,ENSG00000102109,PCSK1N,ENSMUSG00000039278,Pcsk1n,1,0,0,0,0,0,0
759,ENSG00000139354,GAS2L3,ENSMUSG00000074802,Gas2l3,0,0,0,0,0,1,0
760,ENSG00000142871,CCN1,ENSMUSG00000028195,Ccn1,0,0,0,0,0,0,0
761,ENSG00000090686,USP48,ENSMUSG00000043411,Usp48,0,0,0,0,1,0,0
762,ENSG00000145354,CISD2,ENSMUSG00000028165,Cisd2,0,0,0,1,1,0,0
763,ENSG00000107672,NSMCE4A,ENSMUSG00000040331,Nsmce4a,0,0,0,0,1,0,0
764,ENSG00000158042,MRPL17,ENSMUSG00000030879,Mrpl17,0,0,0,1,1,0,0
765,ENSG00000122034,GTF3A,ENSMUSG00000016503,Gtf3a,0,0,0,0,1,0,0
766,ENSG00000117748,RPA2,ENSMUSG00000028884,Rpa2,0,0,0,1,1,0,0
767,ENSG00000116062,MSH6,ENSMUSG00000005370,Msh6,0,0,0,1,0,0,0
768,ENSG00000108179,PPIF,ENSMUSG00000021868,Ppif,0,0,0,1,0,0,0
769,ENSG00000101608,MYL12A,ENSMUSG00000024048,Myl12a,0,0,1,1,0,0,0
770,ENSG00000185880,TRIM69,ENSMUSG00000033368,Trim69,0,0,0,0,0,1,0
771,ENSG00000132341,RAN,ENSMUSG00000029430,Ran,0,0,0,1,1,1,0
772,ENSG00000146731,CCT6A,ENSMUSG00000029447,Cct6a,0,0,0,1,1,0,0
773,ENSG00000009954,BAZ1B,ENSMUSG00000002748,Baz1b,0,0,0,0,1,0,0
774,ENSG00000172590,MRPL52,ENSMUSG00000010406,Mrpl52,0,0,0,0,0,1,0
775,ENSG00000140545,MFGE8,ENSMUSG00000030605,Mfge8,1,0,0,0,0,0,0
776,ENSG00000146247,PHIP,ENSMUSG00000032253,Phip,0,0,0,0,1,0,0
777,ENSG00000115756,HPCAL1,ENSMUSG00000071379,Hpcal1,0,0,0,0,1,0,0
778,ENSG00000115091,ACTR3,ENSMUSG00000026341,Actr3,0,0,0,1,0,0,0
779,ENSG00000079616,KIF22,ENSMUSG00000030677,Kif22,0,0,0,0,1,1,0
780,ENSG00000165996,HACD1,ENSMUSG00000063275,Hacd1,0,0,0,0,0,0,0
781,ENSG00000135919,SERPINE2,ENSMUSG00000026249,Serpine2,1,0,0,0,0,0,0
782,ENSG00000148362,PAXX,ENSMUSG00000047617,Paxx,0,0,0,0,0,0,0
783,ENSG00000150347,ARID5B,ENSMUSG00000019947,Arid5b,0,0,1,0,0,0,0
784,ENSG00000010292,NCAPD2,ENSMUSG00000038252,Ncapd2,0,0,0,0,0,1,0
785,ENSG00000213626,LBH,ENSMUSG00000024063,Lbh,0,0,1,0,0,0,0
786,ENSG00000185361,TNFAIP8L1,ENSMUSG00000044469,Tnfaip8l1,0,0,0,0,0,1,0
787,ENSG00000115541,HSPE1,ENSMUSG00000073676,Hspe1,0,0,0,0,1,0,0
788,ENSG00000176014,TUBB6,ENSMUSG00000001473,Tubb6,0,0,0,0,1,1,0
789,ENSG00000100612,DHRS7,ENSMUSG00000109482,Gm4756,1,0,0,0,0,0,0
790,ENSG00000109084,TMEM97,ENSMUSG00000037278,Tmem97,0,0,0,1,0,0,0
791,ENSG00000129484,PARP2,ENSMUSG00000036023,Parp2,0,0,0,0,1,1,0
792,ENSG00000168078,PBK,ENSMUSG00000022033,Pbk,0,0,0,0,1,1,0
793,ENSG00000184661,CDCA2,ENSMUSG00000048922,Cdca2,0,0,0,0,1,1,0
794,ENSG00000169641,LUZP1,ENSMUSG00000001089,Luzp1,0,0,1,0,0,0,0
795,ENSG00000138678,GPAT3,ENSMUSG00000029314,Gpat3,0,0,0,0,0,0,0
796,ENSG00000051108,HERPUD1,ENSMUSG00000031770,Herpud1,0,0,1,0,0,0,0
797,ENSG00000090889,KIF4A,ENSMUSG00000034311,Kif4,0,0,0,0,1,1,0
798,ENSG00000075711,DLG1,ENSMUSG00000022770,Dlg1,0,1,0,0,0,0,0
799,ENSG00000165898,ISCA2,ENSMUSG00000021241,Isca2,0,0,0,0,0,1,0
800,ENSG00000166803,PCLAF,ENSMUSG00000040204,Pclaf,0,0,0,0,0,0,0
801,ENSG00000163171,CDC42EP3,ENSMUSG00000036533,Cdc42ep3,0,0,0,0,0,1,0
802,ENSG00000005059,MCUB,ENSMUSG00000027994,Mcub,0,0,0,0,0,0,0
803,ENSG00000136485,DCAF7,ENSMUSG00000049354,Dcaf7,0,0,0,0,0,1,0
804,ENSG00000115241,PPM1G,ENSMUSG00000029147,Ppm1g,0,0,0,1,1,0,0
805,ENSG00000184990,SIVA1,ENSMUSG00000064326,Siva1,0,0,0,1,1,0,0
806,ENSG00000142230,SAE1,ENSMUSG00000052833,Sae1,0,0,0,1,1,1,0
807,ENSG00000102054,RBBP7,ENSMUSG00000031353,Rbbp7,0,0,0,0,1,0,0
808,ENSG00000118816,CCNI,ENSMUSG00000063015,Ccni,1,0,0,0,0,0,0
809,ENSG00000117862,TXNDC12,ENSMUSG00000028567,Txndc12,0,0,0,0,0,1,0
810,ENSG00000108424,KPNB1,ENSMUSG00000001440,Kpnb1,0,0,0,0,1,0,0
811,ENSG00000054654,SYNE2,ENSMUSG00000063450,Syne2,0,0,0,0,1,0,0
812,ENSG00000148688,RPP30,ENSMUSG00000024800,Rpp30,0,0,0,0,1,0,0
813,ENSG00000049541,RFC2,ENSMUSG00000023104,Rfc2,0,0,0,1,1,0,0
814,ENSG00000163918,RFC4,ENSMUSG00000022881,Rfc4,0,0,0,1,1,0,0
815,ENSG00000156508,EEF1A1,missing37,missing37,1,0,0,0,0,0,0
816,ENSG00000185262,UBALD2,ENSMUSG00000050628,Ubald2,0,0,0,0,0,1,0
817,ENSG00000167088,SNRPD1,ENSMUSG00000002477,Snrpd1,0,0,0,1,1,1,0
818,ENSG00000164649,CDCA7L,ENSMUSG00000021175,Cdca7l,0,0,0,1,0,0,0
819,ENSG00000156976,EIF4A2,ENSMUSG00000022884,Eif4a2,1,0,0,0,0,0,0
820,ENSG00000056050,HPF1,ENSMUSG00000038005,Hpf1,0,0,0,0,0,0,0
821,ENSG00000163535,SGO2,ENSMUSG00000026039,Sgo2a,0,0,0,0,0,0,0
822,ENSG00000134453,RBM17,ENSMUSG00000037197,Rbm17,0,0,0,0,1,0,0
823,ENSG00000117697,NSL1,ENSMUSG00000062510,Nsl1,0,0,0,0,1,0,0
824,ENSG00000128245,YWHAH,ENSMUSG00000018965,Ywhah,0,0,0,1,1,0,0
825,ENSG00000157456,CCNB2,ENSMUSG00000032218,Ccnb2,0,0,0,0,1,1,0
826,ENSG00000005022,SLC25A5,ENSMUSG00000016319,Slc25a5,0,0,0,0,1,1,0
827,ENSG00000154719,MRPL39,ENSMUSG00000022889,Mrpl39,0,0,0,0,1,0,0
828,ENSG00000119335,SET,missing38,missing38,0,0,0,0,1,0,0
829,ENSG00000179041,RRS1,ENSMUSG00000061024,Rrs1,0,0,0,0,1,0,0
830,ENSG00000161981,SNRNP25,ENSMUSG00000040767,Snrnp25,0,0,0,1,1,1,0
831,ENSG00000145833,DDX46,ENSMUSG00000021500,Ddx46,0,0,0,0,1,0,0
832,ENSG00000162980,ARL5A,ENSMUSG00000036093,Arl5a,1,0,0,0,0,0,0
833,ENSG00000042753,AP2S1,ENSMUSG00000008036,Ap2s1,0,0,0,0,1,0,0
834,ENSG00000012963,UBR7,ENSMUSG00000041712,Ubr7,0,0,0,0,1,0,0
835,ENSG00000125398,SOX9,ENSMUSG00000000567,Sox9,1,0,0,0,0,0,0
836,ENSG00000071539,TRIP13,ENSMUSG00000021569,Trip13,0,0,0,0,1,1,0
837,ENSG00000004897,CDC27,ENSMUSG00000020687,Cdc27,0,0,0,0,0,1,0
838,ENSG00000233639,PANTR1,missing39,missing39,0,0,0,0,0,0,0
839,ENSG00000148773,MKI67,ENSMUSG00000031004,Mki67,0,0,0,0,1,1,0
840,ENSG00000092140,G2E3,ENSMUSG00000035293,G2e3,0,0,0,0,0,1,0
841,ENSG00000105767,CADM4,ENSMUSG00000054793,Cadm4,1,0,0,0,0,0,0
842,ENSG00000101773,RBBP8,ENSMUSG00000041238,Rbbp8,0,0,0,0,1,0,0
843,ENSG00000168496,FEN1,ENSMUSG00000024742,Fen1,0,0,0,1,1,0,0
844,ENSG00000128951,DUT,ENSMUSG00000027203,Dut,0,0,0,1,1,0,0
845,ENSG00000135211,TMEM60,ENSMUSG00000045435,Tmem60,0,0,0,0,0,1,0
846,ENSG00000133169,BEX1,ENSMUSG00000050071,Bex1,1,0,0,0,0,0,0
847,ENSG00000099622,CIRBP,ENSMUSG00000045193,Cirbp,1,0,0,0,0,0,0
848,ENSG00000099783,HNRNPM,ENSMUSG00000059208,Hnrnpm,0,0,0,0,0,0,1
849,ENSG00000160888,IER2,ENSMUSG00000053560,Ier2,0,0,0,0,1,0,0
850,ENSG00000133818,RRAS2,ENSMUSG00000055723,Rras2,0,0,1,0,0,0,0
851,ENSG00000164106,SCRG1,ENSMUSG00000031610,Scrg1,1,0,0,0,0,0,0
852,ENSG00000204381,LAYN,ENSMUSG00000060594,Layn,0,0,1,0,0,0,0
853,ENSG00000168439,STIP1,ENSMUSG00000024966,Stip1,0,0,0,0,0,1,0
854,ENSG00000165916,PSMC3,ENSMUSG00000002102,Psmc3,0,0,0,0,1,1,0
855,ENSG00000117650,NEK2,ENSMUSG00000026622,Nek2,0,0,0,0,0,1,0
856,ENSG00000119326,CTNNAL1,ENSMUSG00000038816,Ctnnal1,0,0,0,1,1,0,0
857,ENSG00000106853,PTGR1,ENSMUSG00000028378,Ptgr1,0,0,0,0,1,0,0
858,ENSG00000160014,CALM3,ENSMUSG00000019370,Calm3,0,0,0,0,0,1,0
859,ENSG00000024526,DEPDC1,ENSMUSG00000028175,Depdc1a,0,0,0,0,0,1,0
860,ENSG00000103121,CMC2,missing40,missing40,0,0,0,1,1,1,0